Season	SecCode	DYWIN	CELKEM_PS	PS_ZPS	RD_1	RD_2	RD_3	RD_4	R_VIS	RT_R	RT_V	RT_A	RT_P	RT_C	RT_E	RT_O	RT_S	NR	Free	Resp_abs	Obs_abs	Resp	Obs
P01Q201912	P1-0101	D	9	9	29	9	5	2	0	34	0	1	0	0	0	0	10	11	44	4	5	81	56
P01Q201912	P1-0103	D	5	5	18	0	0	8	0	18	0	0	0	0	0	8	0	2	72	1	1	92	28
P01Q201912	P1-0104	D	10	10	10	3	16	15	1	16	0	1	2	1	2	13	10	14	41	5	6	77	59
P01Q201912	P1-0105	D	1	1	2	0	55	5	0	55	0	0	0	0	0	5	2	11	27	1	1	85	73
P01Q201912	P1-0106	D	4	4	0	0	7	35	0	1	0	0	0	4	3	34	0	26	34	2	3	62	66
P01Q201912	P1-0108	D	32	32	4	4	1	29	0	4	0	3	0	0	1	29	2	6	56	12	14	87	44
P01Q201912	P1-0110	D	10	9	31	0	0	15	0	10	0	10	1	0	4	11	10	16	37	4	6	74	63
P01Q201912	P1-0111	D	35	31	28	3	1	1	1	24	0	1	0	0	0	0	7	18	49	10	16	65	51
P01Q201912	P1-0112	D	67	63	31	13	6	5	0	26	0	6	7	0	0	1	13	12	34	34	41	82	66
P01Q201912	P1-0113	D	44	39	34	5	7	12	2	33	0	6	1	2	3	3	12	14	25	24	29	81	75
P01Q201912	P1-0116	D	7	7	31	0	11	11	0	30	0	1	0	0	0	0	20	21	26	4	5	72	74
P01Q201912	P1-0117	D	23	21	0	0	3	6	12	6	0	2	0	0	1	0	0	25	55	4	10	45	45
P01Q201912	P1-0119	D	39	37	9	7	7	9	1	15	0	5	5	1	1	1	6	26	41	12	22	56	59
P01Q201912	P1-0122	D	21	21	14	1	16	0	1	18	0	1	2	0	1	0	9	21	48	7	11	60	52
P01Q201912	P1-0123	D	33	33	19	0	15	0	0	24	0	4	0	0	1	0	6	6	59	12	14	84	41
P01Q201912	P1-0124	D	75	61	52	4	8	3	0	37	0	12	5	0	1	1	11	27	4	42	58	71	96
P01Q201912	P1-0126	D	21	18	29	3	12	2	1	18	0	6	2	0	1	8	11	19	28	10	13	73	72
P01Q201912	P1-0130	D	21	16	43	12	5	2	0	28	0	1	0	0	2	3	28	25	13	10	14	71	87
P01Q201912	P1-0133	D	47	40	9	5	3	0	9	9	0	3	1	0	1	2	1	19	55	11	18	59	45
P01Q201912	P1-0137	D	4	4	76	1	3	1	0	39	0	1	0	0	1	0	41	8	11	3	4	91	89
P01Q201912	P1-0138	D	6	6	39	6	3	3	0	30	0	3	0	0	2	0	16	7	41	3	4	88	59
P01Q201912	P1-0139	D	24	20	52	9	3	2	0	43	0	5	2	0	1	0	15	11	22	13	16	85	78
P01Q201912	P1-0143	D	8	8	62	6	1	1	0	44	1	4	3	0	1	0	16	20	12	5	7	78	88
P01Q201912	P1-0145	D	12	10	38	18	8	1	0	39	0	15	1	0	0	0	9	26	9	7	9	72	91
P01Q201912	P1-0147	D	7	5	60	10	4	2	1	53	0	7	1	1	1	0	13	40	0	4	6	66	117
P01Q201912	P1-0148	D	24	22	73	12	13	1	1	80	0	3	1	0	3	0	11	12	0	22	24	89	110
P01Q201912	P1-0149	D	5	5	45	5	10	1	2	51	0	1	0	0	3	0	6	14	23	3	4	82	77
P01Q201912	P1-0150	D	37	31	47	5	8	1	1	38	0	7	2	0	2	0	13	20	18	19	25	75	82
P01Q201912	P1-0156	D	18	16	58	8	11	1	0	51	0	7	3	0	1	0	16	17	5	13	15	83	95
P01Q201912	P1-0157	D	16	16	28	15	34	2	1	55	2	13	1	0	1	0	7	17	4	13	15	82	96
P01Q201912	P1-0158	D	3	3	9	11	22	5	33	36	0	7	1	0	3	0	0	56	0	2	4	59	136
P01Q201912	P1-0159	D	23	23	17	9	20	1	1	33	1	7	4	0	1	0	1	19	31	11	16	72	69
P01Q201912	P1-0160	D	28	28	43	18	10	0	0	49	1	4	2	0	0	0	15	12	17	20	23	86	83
P01Q201912	P1-0162	D	3	3	54	20	6	1	1	44	0	1	1	0	0	1	35	6	13	2	3	93	87
P01Q201912	P1-0163	D	13	13	84	5	3	0	0	66	0	3	0	0	0	0	22	10	0	12	13	90	102
P01Q201912	P1-0164	D	11	9	73	2	8	0	1	65	0	6	0	0	0	0	12	14	1	8	9	86	99
P01Q201912	P1-0165	D	26	24	44	21	8	0	1	49	0	5	1	0	1	0	17	11	15	18	20	87	85
P01Q201912	P1-0167	D	12	10	26	24	5	0	1	44	0	5	1	0	2	0	3	24	20	6	8	70	80
P01Q201912	P1-0168	D	5	5	27	16	15	1	0	28	2	9	5	0	2	0	14	31	10	3	5	66	90
P01Q201912	P1-0169	D	10	8	22	27	13	1	2	48	0	2	5	0	0	0	7	28	8	5	7	69	92
P01Q201912	P1-0170	D	7	7	34	15	19	1	1	52	0	5	1	0	4	0	6	13	18	5	6	84	82
P01Q201912	P1-0171	D	3	2	83	2	19	0	0	15	0	0	0	0	1	0	89	23	0	2	3	82	129
P01Q201912	P1-0172	D	21	21	40	10	5	0	1	36	0	4	1	0	1	0	14	18	26	12	15	76	74
P01Q201912	P1-0174	D	39	27	38	42	9	1	1	60	1	7	1	0	1	0	21	18	0	25	29	84	109
P01Q201912	P1-0179	D	20	18	34	2	11	0	0	17	0	7	16	0	0	0	7	21	32	8	12	69	68
P01Q201912	P1-0181	D	5	5	27	0	21	0	0	5	0	10	18	0	0	0	14	0	46	3	3	100	54
P01Q201912	P1-0182	D	18	18	48	6	3	0	0	35	0	5	3	1	1	0	13	13	29	10	13	82	71
P01Q201912	P1-0183	D	45	38	15	18	6	0	0	25	0	2	1	0	1	0	11	14	39	18	23	77	61
P01Q201912	P1-0186	D	32	20	42	4	20	1	0	48	0	11	3	0	1	0	3	17	17	13	17	80	83
P01Q201912	P1-0191	D	20	18	38	18	17	1	1	49	0	5	8	0	1	1	10	22	4	13	17	77	96
P01Q201912	P1-0192	D	20	20	26	4	11	0	0	14	0	3	22	0	0	0	1	20	44	7	11	64	56
P01Q201912	P1-0193	D	9	9	30	1	17	0	0	26	0	6	15	0	0	0	0	15	41	4	5	75	59
P01Q201912	P1-0194	D	10	10	34	1	12	0	0	35	0	5	0	0	0	0	8	23	29	5	7	67	71
P01Q201912	P1-0195	D	18	18	42	10	5	0	1	33	1	13	2	0	1	0	6	15	28	10	13	79	72
P01Q201912	P1-0196	D	35	34	40	8	9	1	0	39	1	5	3	0	1	0	9	19	23	20	26	76	77
P01Q201912	P1-0199	D	15	15	19	10	3	0	1	23	0	3	2	0	0	0	3	29	39	5	9	53	61
P01Q201912	P1-0200	D	25	25	8	6	4	0	1	12	0	2	1	0	1	0	2	12	69	5	8	61	31
P01Q201912	P1-0201	D	26	14	19	11	5	2	1	19	0	3	7	0	4	0	4	22	41	5	8	63	59
P01Q201912	P1-0202	D	7	6	29	5	8	1	1	22	0	2	2	0	1	3	16	22	31	3	4	69	69
P01Q201912	P1-0203	D	41	41	24	13	7	1	0	17	1	3	10	0	1	1	12	20	29	21	29	71	71
P01Q201912	P1-0206	D	14	5	18	9	14	1	1	31	0	6	1	0	2	2	0	13	44	2	3	77	56
P01Q201912	P1-0207	D	33	16	4	2	3	1	24	5	0	3	0	0	1	0	0	25	42	5	9	57	58
P01Q201912	P1-0208	D	9	9	2	0	3	0	0	4	0	0	0	0	0	0	1	9	85	0	1	35	15
P01Q201912	P1-0211	D	44	44	37	5	17	1	1	31	0	7	6	0	1	0	14	9	31	26	30	87	69
P01Q201912	P1-0212	D	7	7	0	0	2	3	0	0	0	0	0	0	2	2	1	15	80	0	1	25	20
P01Q201912	P1-0213	D	4	4	34	1	37	0	1	41	0	4	9	0	0	0	17	19	9	3	4	79	91
P01Q201912	P1-0215	D	21	19	1	1	3	0	32	2	0	1	0	0	0	0	0	27	36	7	12	58	64
P01Q201912	P1-0217	D	33	27	0	1	2	1	33	1	0	0	0	0	1	0	0	17	46	10	15	68	54
P01Q201912	P1-0218	D	10	10	1	2	3	5	32	2	0	1	0	0	5	0	2	25	33	4	7	63	67
P01Q201912	P1-0219	D	69	69	0	1	2	1	30	1	0	1	1	0	1	0	0	19	47	24	37	65	53
P01Q201912	P1-0220	D	10	10	0	0	1	0	41	0	0	0	0	0	1	0	0	28	30	4	7	60	70
P01Q201912	P1-0223	D	54	54	41	12	9	0	1	34	0	12	2	0	0	0	13	15	23	33	42	80	77
P01Q201912	P1-0224	D	18	18	4	5	5	0	29	7	0	4	1	0	1	0	1	28	29	8	13	60	71
P01Q201912	P1-0228	D	40	39	41	9	10	1	1	31	0	13	3	0	1	0	12	16	21	24	31	79	79
P01Q201912	P1-0230	D	55	53	43	6	8	0	1	29	0	9	4	0	1	0	14	20	17	34	44	76	83
P01Q201912	P1-0231	D	65	63	45	8	8	1	1	34	1	13	5	0	1	0	8	28	10	40	57	70	90
P01Q201912	P1-0233	D	13	13	62	7	6	0	0	46	0	13	2	0	0	0	14	20	6	10	12	79	94
P01Q201912	P1-0234	D	47	47	46	15	8	1	2	35	0	16	5	0	1	0	13	20	8	34	43	78	92
P01Q201912	P1-0235	D	28	28	46	9	4	0	1	37	0	6	3	0	1	1	11	25	15	17	24	71	85
P01Q201912	P1-0236	D	9	9	23	29	4	1	0	35	1	8	4	0	2	0	6	21	19	5	7	74	81
P01Q201912	P1-0240	D	28	25	9	30	15	1	1	24	0	9	13	0	4	3	1	37	9	13	23	59	91
P01Q201912	P1-0241	D	48	48	51	6	11	0	1	27	0	12	16	0	1	0	11	28	1	34	48	72	99
P01Q201912	P1-0242	D	40	38	16	3	2	0	16	5	0	3	5	0	0	7	1	4	19	29	31	95	81
P01Q201912	P1-0243	D	10	10	49	5	5	0	0	15	0	9	21	0	1	1	14	14	23	6	8	81	77
P01Q201912	P1-0244	D	93	89	44	7	10	0	1	31	0	10	11	0	1	0	8	21	17	56	74	75	83
P01Q201912	P1-0246	D	12	12	52	12	9	1	0	24	1	11	29	0	1	0	8	22	7	8	11	76	93
P01Q201912	P1-0249	D	17	15	15	2	4	0	23	8	5	4	1	0	0	0	4	48	3	7	15	51	97
P01Q201912	P1-0250	D	39	31	45	15	8	2	1	43	0	8	5	0	3	1	9	27	2	22	30	72	98
P01Q201912	P1-0252	D	19	17	29	3	1	0	0	13	0	1	3	0	0	0	14	21	47	5	9	60	53
P01Q201912	P1-0253	D	23	23	29	19	8	1	0	39	0	9	3	0	1	0	6	13	29	13	16	81	71
P01Q201912	P1-0258	D	4	4	68	10	10	0	2	53	0	16	4	0	3	0	12	36	0	4	5	71	126
P01Q201912	P1-0259	D	117	108	38	11	8	1	1	31	1	11	4	0	2	0	8	23	16	66	91	72	84
P01Q201912	P1-0263	D	43	43	21	7	12	2	2	17	0	13	7	0	2	0	4	32	23	19	33	58	77
P01Q201912	P1-0264	D	39	39	58	8	9	0	1	29	0	7	31	0	1	0	9	20	4	30	38	79	96
P01Q201912	P1-0265	D	98	96	33	12	10	1	1	30	1	10	4	0	1	0	9	16	28	54	70	78	72
P01Q201912	P1-0269	D	14	14	23	8	9	1	1	21	0	11	6	0	0	0	3	32	23	6	11	58	77
P01Q201912	P1-0271	D	43	43	50	12	9	1	2	42	0	11	5	0	1	0	11	22	5	32	41	77	95
P01Q201912	P1-0274	D	13	11	49	9	6	1	1	38	0	7	2	0	0	0	17	39	0	7	11	63	104
P01Q201912	P1-0276	D	21	12	20	21	9	1	1	11	0	21	9	0	1	1	8	27	18	7	10	67	82
P01Q201912	P1-0277	D	190	181	20	10	9	1	2	15	0	10	10	0	2	0	3	25	31	79	125	63	69
P01Q201912	P1-0278	D	16	16	26	12	7	0	0	24	0	6	3	0	0	0	11	22	33	7	11	68	67
P01Q201912	P1-0279	D	67	64	40	7	6	1	1	25	2	14	2	0	1	0	8	28	19	34	52	66	81
P01Q201912	P1-0281	D	85	81	33	10	8	2	1	28	0	10	2	0	2	2	8	24	22	44	63	69	78
P01Q201912	P1-0283	D	69	65	36	10	7	2	1	27	0	9	3	0	1	2	13	20	24	37	50	74	76
P01Q201912	P1-0286	D	46	43	42	11	10	4	1	24	0	12	2	0	3	5	20	25	7	29	40	73	93
P01Q201912	P1-0295	D	6	6	27	5	9	0	1	12	0	7	13	0	0	0	7	21	37	2	4	66	63
P01Q201912	P1-0302	D	24	24	43	8	8	0	0	25	0	9	0	0	2	0	23	14	27	14	18	80	73
P01Q201912	P1-0303	D	45	45	50	5	9	0	1	36	0	9	6	0	1	0	13	21	14	29	39	75	86
P01Q201912	P1-0304	D	29	28	1	2	1	0	28	1	0	1	2	0	0	0	0	14	44	12	16	75	56
P01Q201912	P1-0307	D	6	6	14	1	14	0	1	6	0	18	2	1	1	1	2	40	29	2	4	44	71
P01Q201912	P1-0308	D	24	20	5	1	6	0	37	3	0	4	4	0	0	0	0	31	20	10	16	61	80
P01Q201912	P1-0309	D	26	26	38	8	12	0	1	34	0	10	4	0	1	0	9	22	19	15	21	72	81
P01Q201912	P1-0310	D	58	57	19	12	8	2	2	16	0	12	5	0	2	2	4	36	20	25	46	55	80
P01Q201912	P1-0319	D	32	31	12	9	6	5	36	8	0	6	1	0	4	8	5	32	1	21	31	67	99
P01Q201912	P1-0322	D	11	11	13	4	2	0	11	7	1	5	4	0	0	0	2	19	51	3	5	60	49
P01Q201912	P1-0323	D	27	27	29	14	6	2	2	26	0	8	2	0	2	3	9	18	24	16	20	77	76
P01Q201912	P1-0326	D	8	8	27	4	8	0	1	7	1	19	4	0	1	0	8	20	41	3	5	66	59
P01Q201912	P1-0327	D	8	8	19	8	12	0	0	19	1	7	1	0	0	0	9	21	40	3	5	64	60
P01Q201912	P1-0330	D	13	12	17	7	4	0	0	19	0	4	1	0	0	0	3	31	41	3	7	47	59
P01Q201912	P1-0332	D	1	1	53	12	2	0	0	44	0	11	1	0	0	0	11	89	0	1	2	43	156
P01Q201912	P1-0333	D	2	2	52	2	16	3	0	56	0	10	0	0	5	0	2	60	0	1	3	55	134
P01Q201912	P1-0336	D	32	31	10	6	7	1	14	14	0	2	4	0	1	0	2	0	35	20	20	100	65
P01Q201912	P1-0337	D	25	23	38	15	5	1	0	36	0	4	2	0	2	1	14	16	23	14	18	79	77
P01Q201912	P1-0340	D	8	8	33	17	7	1	0	42	0	5	1	0	1	2	6	21	21	5	6	74	79
P01Q201912	P1-0342	D	44	30	16	3	11	10	16	14	0	3	2	0	1	18	3	27	15	17	26	68	85
P01Q201912	P1-0345	D	29	26	47	11	9	1	1	41	0	5	2	0	2	3	15	18	13	18	23	80	87
P01Q201912	P1-0346	D	32	30	37	10	6	0	1	33	0	6	2	0	1	1	9	18	29	16	21	75	71
P01Q201912	P1-0348	D	12	12	46	13	15	0	1	48	0	4	9	0	1	0	13	32	0	9	13	70	107
P01Q201912	P1-0349	D	18	18	49	10	7	1	1	42	1	12	4	0	2	0	6	22	11	12	16	76	89
P01Q201912	P1-0352	D	2	2	35	10	9	1	0	38	0	14	2	0	1	0	0	58	0	1	2	48	112
P01Q201912	P1-0353	D	18	17	20	6	10	1	2	23	0	10	4	0	1	0	0	38	5	10	16	60	95
P01Q201912	P1-0354	D	1	1	0	0	0	0	0	0	0	0	0	0	0	0	0	100	0	0	1	0	100
P01Q201912	P1-0355	D	63	62	30	11	13	2	1	30	0	8	5	0	2	1	9	19	24	35	47	74	76
P01Q201912	P1-0357	D	12	12	57	11	17	0	1	45	1	6	7	0	1	0	25	19	0	10	13	82	104
P01Q201912	P1-0358	D	17	17	28	2	9	0	0	31	0	0	2	0	0	0	6	25	36	7	11	60	64
P01Q201912	P1-0360	D	27	26	2	1	3	1	34	3	0	1	0	0	2	0	0	37	22	11	20	53	78
P01Q201912	P1-0362	D	30	30	1	1	2	0	32	2	0	0	0	0	1	0	1	37	25	11	22	51	75
P01Q201912	P1-0363	D	24	22	9	4	3	1	1	10	0	3	1	0	1	0	2	22	61	4	9	44	39
P01Q201912	P1-0365	D	32	31	43	8	7	0	0	36	1	6	4	0	1	0	10	15	28	18	22	80	72
P01Q201912	P1-0367	D	89	87	32	12	10	1	0	31	0	5	6	0	2	2	9	18	26	48	64	76	74
P01Q201912	P1-0371	D	18	18	18	3	3	1	0	11	0	3	0	0	3	0	9	11	62	5	7	70	38
P01Q201912	P1-0374	D	11	4	23	7	12	5	1	19	0	9	3	0	1	12	3	40	10	2	4	55	90
P01Q201912	P1-0375	D	95	82	14	7	5	1	22	17	0	6	2	0	1	0	2	25	25	42	62	67	75
P01Q201912	P1-0377	D	26	23	23	12	7	1	2	24	0	7	1	0	2	0	9	14	41	11	14	77	59
P01Q201912	P1-0381	D	15	14	10	1	2	0	0	8	0	1	2	0	0	0	3	11	59	4	6	73	41
P01Q201912	P1-0382	D	31	18	27	17	2	0	0	30	0	1	1	0	0	0	13	8	34	11	12	88	66
P01Q201912	P1-0384	D	37	29	54	10	12	1	1	56	0	7	2	0	2	0	10	21	0	23	29	79	100
P01Q201912	P1-0386	D	34	34	30	4	8	1	0	28	0	5	1	0	2	0	6	9	48	15	18	83	52
P01Q201912	P1-0387	D	38	36	46	18	7	1	0	48	0	6	2	0	1	0	16	22	6	26	34	77	94
P01Q201912	P1-0390	D	17	17	16	4	18	4	4	26	0	6	1	0	3	0	6	31	23	8	13	60	77
P01Q201912	P1-0391	D	26	26	39	9	22	7	1	45	0	13	1	0	3	0	17	14	7	21	24	85	93
P01Q201912	P1-0392	D	12	12	58	12	9	2	0	44	0	13	1	0	4	0	19	14	4	10	11	85	96
P01Q201912	P1-0393	D	80	78	52	6	12	3	0	48	0	9	0	0	2	0	13	10	16	57	65	88	84
P01Q201912	P1-0394	D	12	10	42	5	22	3	0	36	0	10	0	0	2	0	25	17	10	7	9	81	90
P01Q201912	P1-0397	D	21	21	22	6	9	1	20	28	0	6	1	0	0	0	4	28	14	12	18	68	86
P01Q201912	P1-0399	D	54	51	45	15	10	2	1	50	0	9	1	0	1	0	10	18	9	37	46	81	91
P01Q201912	P1-0401	D	29	29	50	17	16	2	1	66	0	8	2	0	1	0	9	28	0	25	33	76	115
P01Q201912	P1-0402	D	16	16	26	3	1	0	0	16	0	4	0	0	0	0	10	9	51	7	8	83	49
P01Q201912	P1-0403	D	26	24	52	8	13	1	0	58	0	6	1	0	2	0	5	24	2	18	24	75	98
P01Q201912	P1-0405	D	15	15	78	4	10	0	1	57	0	5	1	0	1	0	28	17	0	14	17	85	110
P01Q201912	P1-0406	D	14	13	48	8	8	3	0	41	0	4	3	0	2	0	16	15	18	9	11	81	82
P01Q201912	P1-0411	D	28	25	23	2	1	1	13	17	0	4	0	0	1	0	4	34	26	10	18	54	74
P01Q201912	P1-0414	D	7	7	15	10	18	2	27	35	0	3	2	0	1	0	4	27	0	5	7	73	101
P01Q201912	P1-0415	D	100	97	32	29	8	1	1	41	0	11	5	0	2	0	12	21	6	71	91	77	94
P01Q201912	P1-0416	D	3	3	56	4	2	0	0	32	0	3	5	0	1	0	23	40	0	2	3	61	102
P01Q201912	P1-0417	D	8	8	14	9	4	1	31	14	0	7	2	0	1	0	2	35	6	5	8	63	94
P01Q201912	P1-0419	D	17	15	26	32	7	1	1	42	0	9	5	0	2	1	8	20	13	10	13	77	87
P01Q201912	P1-0422	D	57	46	11	9	7	2	23	16	0	7	1	0	2	1	2	23	10	31	41	74	90
P01Q201912	P1-0425	D	68	61	49	11	5	1	1	48	0	8	2	0	1	1	7	18	6	46	57	81	94
P01Q201912	P1-0426	D	8	8	16	4	5	0	13	16	0	8	0	0	0	0	1	35	26	3	6	52	74
P01Q201912	P1-0427	D	60	58	64	7	11	0	0	53	0	8	0	0	0	1	19	16	0	49	59	84	101
P01Q201912	P1-0428	D	39	38	62	14	11	0	0	64	0	8	1	0	0	1	13	15	0	34	40	85	105
P01Q201912	P1-0430	D	32	30	58	6	12	0	0	56	0	3	0	0	1	1	15	18	3	24	29	81	97
P01Q201912	P1-0431	D	31	29	53	10	8	0	0	47	0	5	1	0	1	0	17	15	12	21	26	83	88
P01Q201912	P1-0432	D	7	7	23	6	10	0	1	20	0	12	1	0	1	0	6	42	18	3	6	49	82
P01Q201912	P1-0440	D	127	117	42	15	17	1	1	50	0	9	1	0	1	0	14	24	0	88	117	76	100
P01Q201912	P1-0442	D	61	60	13	12	6	1	1	16	0	8	2	0	1	0	4	18	46	21	32	66	54
P01Q201912	P1-0443	D	23	23	48	13	13	1	1	39	0	12	0	0	3	0	21	24	1	17	23	76	99
P01Q201912	P1-0445	D	5	5	18	3	3	1	15	17	0	4	0	0	2	0	0	30	31	2	3	56	69
P01Q201912	P1-0446	D	15	12	17	8	2	1	0	14	0	5	0	0	1	0	7	15	58	3	5	65	42
P01Q201912	P1-0447	D	76	69	6	8	6	1	26	7	0	8	2	0	1	0	1	32	21	33	54	60	79
P01Q201912	P1-0449	D	55	45	56	16	8	0	0	56	0	7	1	0	0	0	17	19	0	38	47	82	104
P01Q201912	P1-0450	D	73	38	48	20	23	1	1	57	0	12	1	0	3	4	16	34	0	36	49	73	129
P01Q201912	P1-0452	D	70	67	14	15	7	1	2	13	0	10	7	0	1	0	5	15	45	26	37	72	55
P01Q201912	P1-0453	D	7	7	23	3	8	0	0	13	0	5	6	0	1	0	10	26	39	2	4	58	61
P01Q201912	P1-0455	D	17	17	30	7	9	1	0	15	0	19	1	0	3	0	9	44	9	8	15	51	91
P01Q201912	P1-0457	D	6	3	9	4	21	3	0	18	0	5	8	0	1	0	6	42	20	1	2	47	80
P01Q201912	P1-0460	D	18	14	1	0	4	1	0	3	0	2	0	0	0	0	0	37	54	1	6	21	46
P01Q201912	P1-0461	D	37	37	10	9	26	1	1	14	0	9	14	1	2	5	2	16	36	18	24	75	64
P01Q201912	P1-0462	D	46	46	5	4	5	7	26	2	0	8	2	0	2	6	0	22	18	27	38	73	82
P01Q201912	P1-0464	D	105	88	21	5	15	2	1	20	0	8	6	0	2	2	4	18	34	42	58	72	66
P01Q201912	P1-0466	D	75	69	16	10	14	2	0	13	0	15	9	0	2	2	1	23	28	34	49	68	72
P01Q201912	P1-0468	D	221	219	5	2	5	2	26	6	0	4	1	0	1	0	1	27	32	88	148	59	68
P01Q201912	P1-0470	D	14	14	39	8	6	0	0	22	1	17	0	0	1	0	12	23	22	8	11	70	78
P01Q201912	P1-0471	D	27	27	14	1	8	1	0	9	0	7	0	0	1	2	5	11	65	7	10	70	35
P01Q201912	P1-0472	D	39	39	21	3	13	2	1	18	0	6	1	0	2	9	2	17	44	16	22	71	56
P01Q201912	P1-0476	D	110	107	23	7	12	2	2	19	0	12	5	0	3	2	3	13	34	56	70	80	66
P01Q201912	P1-0478	D	16	16	30	14	8	1	0	31	0	6	6	0	3	0	7	9	38	8	10	85	62
P01Q201912	P1-0479	D	22	21	32	6	5	8	0	26	0	7	2	0	2	6	8	12	38	10	13	80	62
P01Q201912	P1-0481	D	33	30	51	7	10	0	0	47	0	5	1	0	2	0	13	13	14	22	26	85	86
P01Q201912	P1-0482	D	2	1	32	0	67	0	0	27	0	4	0	0	0	0	68	25	0	1	1	80	125
P01Q201912	P1-0483	D	25	25	42	9	18	2	1	50	0	11	2	1	2	1	5	19	10	18	23	79	90
P01Q201912	P1-0485	D	15	15	51	10	7	1	1	33	0	11	2	0	3	0	21	20	11	10	13	78	89
P01Q201912	P1-0486	D	48	48	7	5	5	1	29	4	0	8	3	0	2	0	1	39	14	22	41	54	86
P01Q201912	P1-0488	D	56	55	26	6	9	0	19	17	0	11	1	0	2	0	9	35	5	33	52	63	95
P01Q201912	P1-0491	D	26	16	38	12	19	2	2	34	0	25	7	0	4	0	0	37	0	12	18	66	110
P01Q201912	P1-0493	D	16	14	16	4	8	1	35	13	0	9	3	0	1	0	1	40	0	9	14	61	103
P01Q201912	P1-0496	D	67	64	4	4	6	0	22	6	0	4	1	0	1	0	2	22	30	30	45	68	70
P01Q201912	P1-0498	D	79	70	3	5	7	1	26	4	0	6	2	0	1	2	0	33	24	30	53	56	76
P01Q201912	P1-0499	D	21	21	3	6	4	5	37	2	0	6	4	0	5	0	0	19	14	14	18	77	86
P01Q201912	P1-0500	D	39	38	27	10	9	1	1	24	0	18	4	0	1	0	1	33	18	18	31	59	82
P01Q201912	P1-0501	D	54	53	6	5	4	1	30	2	0	10	1	0	2	0	0	42	10	26	48	54	90
P01Q201912	P1-0502	D	22	17	16	22	15	2	6	9	1	33	9	0	3	0	0	54	0	10	20	53	115
P01Q201912	P1-0505	D	37	32	0	3	4	1	15	5	0	2	0	0	1	1	0	43	33	8	22	36	67
P01Q201912	P1-0506	D	14	14	12	10	17	2	2	12	0	8	6	0	2	9	4	39	18	6	11	53	82
P01Q201912	P1-0508	D	14	14	20	18	21	3	2	14	0	27	2	0	3	16	0	32	4	9	13	67	96
P01Q201912	P1-0513	D	19	18	26	2	3	0	0	18	0	7	1	0	0	0	4	20	48	6	9	61	52
P01Q201912	P1-0514	D	5	5	36	14	7	3	0	28	0	14	0	0	3	0	14	30	11	3	4	66	89
P01Q201912	P1-0515	D	14	12	48	5	7	0	0	37	0	12	1	0	1	0	8	27	13	7	10	69	87
P01Q201912	P1-0518	D	3	2	34	52	13	4	1	50	0	34	9	0	5	2	3	40	0	3	3	76	167
P01Q201912	P1-0519	D	15	15	35	18	12	1	1	23	0	21	8	0	1	0	12	38	0	10	16	64	105
P01Q201912	P1-0520	D	9	9	15	19	6	0	1	19	0	7	4	0	0	0	10	27	30	4	6	62	70
P01Q201912	P1-0522	D	13	12	14	4	5	4	0	4	0	14	2	0	5	0	2	25	48	3	6	52	52
P01Q201912	P1-0523	D	68	66	30	22	10	2	1	30	0	15	3	0	1	2	13	26	10	42	60	71	90
P01Q201912	P1-0530	D	10	9	19	18	7	2	1	10	0	23	9	0	2	0	2	48	4	4	9	50	96
P01Q201912	P1-0532	D	44	40	24	16	12	1	1	25	0	15	7	0	1	0	5	31	16	21	34	62	84
P01Q201912	P1-0535	D	90	80	44	21	9	2	1	38	0	16	4	0	1	1	14	22	2	61	78	77	98
P01Q201912	P1-0536	D	17	17	19	5	5	1	0	14	0	4	3	0	2	0	7	25	45	5	9	54	55
P01Q201912	P1-0537	D	23	23	23	13	7	1	0	17	0	19	5	0	2	0	2	31	24	10	17	59	76
P01Q201912	P1-0539	D	37	35	30	5	18	2	1	28	0	11	1	0	2	2	9	32	11	20	31	64	89
P01Q201912	P1-0540	D	35	30	5	1	2	0	8	2	0	4	1	0	0	0	0	43	42	5	17	26	58
P01Q201912	P1-0543	D	12	10	48	3	3	2	1	28	1	4	0	0	0	2	21	18	25	6	8	76	75
P01Q201912	P1-0545	D	9	8	10	4	6	2	23	6	0	11	0	0	2	1	1	44	11	4	7	51	89
P01Q201912	P1-0548	D	123	121	51	11	5	1	0	45	0	8	4	0	1	0	10	11	20	82	96	86	80
P01Q201912	P1-0551	D	2	2	14	0	3	0	0	8	0	3	0	0	0	0	6	13	69	0	1	57	31
P01Q201912	P1-0552	D	5	5	69	8	1	1	0	63	0	5	5	1	1	0	4	13	10	4	4	85	90
P01Q201912	P1-0553	D	8	8	38	13	6	3	0	22	0	15	8	0	4	0	11	16	24	5	6	78	76
P01Q201912	P1-0555	D	75	73	2	7	2	0	33	5	0	4	1	0	0	0	0	20	36	32	47	68	64
P01Q201912	P1-0556	D	27	27	51	13	9	0	0	44	0	8	4	0	1	0	15	10	16	20	23	88	84
P01Q201912	P1-0557	D	45	44	30	5	6	0	0	26	0	4	1	0	0	0	10	8	50	18	22	83	50
P01Q201912	P1-0559	D	32	30	42	11	13	5	0	47	0	7	1	0	2	2	12	11	18	21	24	87	82
P01Q201912	P1-0560	D	17	16	41	7	7	8	0	26	0	7	0	0	6	2	23	17	20	10	13	79	80
P01Q201912	P1-0561	D	9	9	34	13	25	4	1	44	0	17	1	0	5	0	8	23	1	7	9	77	99
P01Q201912	P1-0564	D	8	8	53	0	2	0	1	46	0	2	0	0	1	0	7	24	19	5	6	71	81
P01Q201912	P1-0565	D	20	20	19	3	4	1	16	20	0	4	0	0	1	0	1	18	39	9	12	70	61
P01Q201912	P1-0567	D	32	11	30	0	3	0	9	24	0	3	0	0	0	0	5	30	28	5	8	58	72
P01Q201912	P1-0569	D	32	32	16	4	2	3	0	17	1	3	0	0	1	0	4	14	61	8	12	64	39
P01Q201912	P1-0570	D	5	5	46	2	3	0	2	42	0	6	2	0	0	0	1	45	3	3	5	54	97
P01Q201912	P1-0571	D	7	7	30	3	25	2	0	42	0	17	1	0	1	0	0	18	22	4	5	76	78
P01Q201912	P1-0572	D	60	55	44	11	8	5	1	38	1	14	2	0	2	0	10	20	11	38	49	77	89
P01Q201912	P1-0573	D	40	37	37	8	13	1	1	38	0	6	2	0	3	2	10	20	21	22	29	75	79
P01Q201912	P1-0575	D	27	27	7	2	6	2	23	8	0	5	2	0	1	0	1	52	9	11	25	43	91
P01Q201912	P1-0577	D	24	24	56	1	5	0	0	38	0	7	2	0	4	1	10	15	21	15	19	81	79
P01Q201912	P1-0581	D	20	19	33	4	8	1	17	36	0	4	1	0	0	0	3	22	16	12	16	74	84
P01Q201912	P1-0582	D	59	56	52	13	6	1	1	54	0	7	1	0	1	0	8	28	0	41	57	72	101
P01Q201912	P1-0584	D	62	56	31	9	9	1	1	34	0	10	2	0	1	0	3	22	27	28	41	70	73
P01Q201912	P1-0585	D	20	15	70	9	10	1	1	50	0	10	1	0	1	0	27	24	0	13	17	79	114
P01Q201912	P1-0586	D	44	43	32	5	9	2	1	30	0	12	1	0	1	0	3	34	15	22	36	60	85
P01Q201912	P1-0590	D	74	66	7	8	11	4	1	8	0	11	4	1	5	0	1	27	41	21	39	54	59
P01Q201912	P1-0591	D	23	23	15	1	3	1	19	11	0	4	2	0	1	0	2	23	38	9	14	63	62
P01Q201912	P1-0592	D	39	35	2	2	9	1	17	4	0	8	1	0	1	0	0	46	20	12	28	42	80
P01Q201912	P1-0596	D	44	44	3	3	4	0	33	3	0	5	0	0	1	0	0	33	23	19	34	57	77
P01Q201912	P1-0599	D	3	2	2	0	9	0	0	0	0	10	0	0	0	0	0	60	29	0	1	16	71
P01Q201912	P1-0600	D	17	16	4	14	7	3	2	7	0	10	8	0	3	0	0	9	53	6	8	81	47
P01Q201912	P1-0601	D	54	54	6	2	1	2	25	8	0	0	0	0	0	0	1	16	49	19	28	68	51
P01Q201912	P1-0602	D	33	32	14	5	8	1	19	19	0	4	1	0	1	1	1	39	15	15	27	55	85
P01Q201912	P1-0604	D	14	8	11	1	7	1	0	14	0	3	0	0	0	0	2	11	69	2	2	64	31
P01Q201912	P1-0606	D	69	59	24	24	18	1	2	39	0	7	3	0	1	6	11	21	10	40	53	76	90
P01Q201912	P1-0608	D	10	10	6	3	1	1	5	7	0	2	0	0	0	1	0	7	76	2	2	71	24
P01Q201912	P1-0609	D	4	4	29	20	14	1	0	36	0	15	1	1	4	1	5	26	11	3	4	71	89
P01Q201912	P1-0611	D	18	18	60	17	7	1	0	62	0	6	1	0	0	1	15	15	0	15	18	85	100
P01Q201912	P1-0612	D	4	4	38	18	14	1	2	51	0	13	1	0	1	0	3	23	6	3	4	76	94
P01Q201912	P1-0613	D	7	7	25	8	7	0	1	32	0	4	1	0	0	0	3	18	42	3	4	68	58
P01Q201912	P1-0614	D	3	3	30	3	14	1	3	35	0	7	0	0	0	0	5	32	18	2	2	61	82
P01Q201912	P1-0101	N	9	9	23	7	9	0	0	29	0	0	0	0	0	0	10	6	55	3	4	85	45
P01Q201912	P1-0103	N	5	5	21	0	0	2	0	21	0	0	0	0	0	2	0	1	76	1	1	95	24
P01Q201912	P1-0104	N	10	10	6	3	16	4	0	16	0	1	2	1	0	3	6	8	62	3	4	79	38
P01Q201912	P1-0105	N	1	1	0	0	49	0	0	49	0	0	0	0	0	0	0	0	51	0	0	100	49
P01Q201912	P1-0106	N	4	4	0	0	6	23	0	0	0	0	0	3	3	23	0	23	49	1	2	56	51
P01Q201912	P1-0108	N	32	32	4	5	0	11	0	5	0	2	0	0	0	11	2	2	78	6	7	90	22
P01Q201912	P1-0110	N	10	9	25	0	0	6	0	9	0	6	1	0	3	2	10	9	59	3	4	77	41
P01Q201912	P1-0111	N	35	31	34	4	1	0	0	30	0	1	0	0	0	0	7	8	53	12	15	82	47
P01Q201912	P1-0112	N	67	63	33	16	6	6	0	32	0	7	6	1	0	1	14	8	31	39	44	88	69
P01Q201912	P1-0113	N	44	39	34	5	5	8	1	34	0	2	1	2	1	1	11	7	40	21	24	88	60
P01Q201912	P1-0116	N	7	7	31	0	10	3	0	18	0	1	0	0	0	1	24	22	34	3	5	67	66
P01Q201912	P1-0117	N	23	21	0	0	0	1	2	0	0	0	0	0	0	0	0	6	91	1	2	32	9
P01Q201912	P1-0119	N	39	37	6	5	3	4	0	10	0	2	1	1	0	0	5	9	72	7	10	66	28
P01Q201912	P1-0122	N	21	21	13	0	16	0	0	19	0	0	1	0	0	0	8	8	63	6	8	78	37
P01Q201912	P1-0123	N	33	33	22	0	16	0	0	28	0	4	1	0	0	0	6	2	60	12	13	94	40
P01Q201912	P1-0124	N	75	61	59	6	7	3	0	42	0	13	6	0	1	1	12	15	9	46	55	83	91
P01Q201912	P1-0126	N	21	18	29	6	11	2	0	21	0	6	1	0	1	8	11	13	37	9	11	80	63
P01Q201912	P1-0130	N	21	16	57	15	6	1	0	40	0	1	0	0	1	2	35	20	3	12	15	80	97
P01Q201912	P1-0133	N	47	40	9	4	2	0	7	11	0	1	0	0	0	1	1	16	62	9	15	57	38
P01Q201912	P1-0137	N	4	4	75	0	3	5	0	47	0	0	0	0	0	0	36	7	10	3	4	92	90
P01Q201912	P1-0138	N	6	6	43	1	2	6	0	30	0	1	0	0	2	0	19	3	46	3	3	94	54
P01Q201912	P1-0139	N	24	20	57	10	0	1	0	50	0	4	1	0	1	0	12	11	20	14	16	86	80
P01Q201912	P1-0143	N	8	8	80	5	0	2	0	58	0	2	2	0	0	0	25	12	1	7	8	88	99
P01Q201912	P1-0145	N	12	10	45	18	9	1	1	42	0	15	1	0	1	0	14	17	7	8	9	81	93
P01Q201912	P1-0147	N	7	5	64	11	1	2	0	59	0	4	0	1	0	0	15	30	0	4	5	72	109
P01Q201912	P1-0148	N	24	22	77	10	8	0	0	80	0	2	0	0	3	0	10	7	0	21	23	93	103
P01Q201912	P1-0149	N	5	5	50	3	10	3	0	56	0	0	0	0	3	0	7	13	21	3	4	83	79
P01Q201912	P1-0150	N	37	31	48	7	6	1	0	42	0	4	2	1	1	0	12	14	24	19	24	81	76
P01Q201912	P1-0156	N	18	16	56	11	10	2	0	53	0	6	2	0	1	0	17	16	5	13	15	83	95
P01Q201912	P1-0157	N	16	16	31	20	28	3	0	54	3	13	0	0	0	0	11	14	6	13	15	85	94
P01Q201912	P1-0158	N	3	3	5	11	18	1	16	28	0	5	1	0	2	0	0	44	4	2	3	54	96
P01Q201912	P1-0159	N	23	23	19	14	21	1	0	40	1	4	6	0	1	0	3	13	31	13	16	81	69
P01Q201912	P1-0160	N	28	28	46	17	8	1	0	49	1	4	1	0	1	0	15	10	20	20	23	88	80
P01Q201912	P1-0162	N	3	3	56	20	2	4	0	42	2	1	2	0	2	2	31	4	15	2	3	96	85
P01Q201912	P1-0163	N	13	13	85	4	3	0	0	68	0	3	1	0	0	0	20	8	0	12	13	92	100
P01Q201912	P1-0164	N	11	9	81	5	12	0	0	73	0	6	1	0	0	0	19	7	0	9	10	93	106
P01Q201912	P1-0165	N	26	24	54	23	9	0	0	58	0	5	1	0	1	0	19	8	6	20	22	91	94
P01Q201912	P1-0167	N	12	10	30	21	7	1	0	46	0	3	1	1	3	0	5	12	29	6	7	83	71
P01Q201912	P1-0168	N	5	5	44	25	10	0	0	49	0	5	0	0	0	0	25	25	0	4	5	76	103
P01Q201912	P1-0169	N	10	8	26	32	11	0	0	57	0	2	2	2	1	0	6	13	18	6	7	84	82
P01Q201912	P1-0170	N	7	7	33	16	15	1	2	56	0	1	1	1	3	0	3	9	24	5	5	89	76
P01Q201912	P1-0171	N	3	2	100	0	17	0	0	13	0	0	0	0	0	0	105	9	0	2	3	93	126
P01Q201912	P1-0172	N	21	21	43	11	5	0	0	40	0	2	0	0	1	0	15	11	31	12	15	85	69
P01Q201912	P1-0174	N	39	27	41	45	7	0	0	66	1	4	1	0	0	0	22	13	0	25	29	88	106
P01Q201912	P1-0179	N	20	18	35	1	10	0	0	15	0	7	14	0	0	0	9	13	42	8	10	78	58
P01Q201912	P1-0181	N	5	5	11	0	15	0	0	4	0	5	13	0	0	0	4	0	62	2	2	100	38
P01Q201912	P1-0182	N	18	18	53	4	3	0	0	36	0	5	3	0	2	0	15	17	22	11	14	78	78
P01Q201912	P1-0183	N	45	38	17	19	6	0	0	28	0	2	0	0	1	0	11	12	40	18	23	80	60
P01Q201912	P1-0186	N	32	20	48	4	20	1	0	56	0	9	2	0	1	0	4	11	18	14	16	86	82
P01Q201912	P1-0191	N	20	18	39	20	10	1	0	48	0	5	5	0	1	0	10	23	7	13	17	76	93
P01Q201912	P1-0192	N	20	20	29	4	13	0	0	16	0	3	25	0	0	0	2	13	44	9	11	76	56
P01Q201912	P1-0193	N	9	9	26	0	20	0	0	30	0	5	8	0	0	0	3	13	44	4	5	77	56
P01Q201912	P1-0194	N	10	10	40	2	10	0	0	40	0	4	0	0	0	0	9	14	33	5	7	78	67
P01Q201912	P1-0195	N	18	18	49	9	3	0	0	41	1	9	3	0	0	0	8	10	29	11	13	86	71
P01Q201912	P1-0196	N	35	34	47	10	6	0	0	43	1	7	3	0	1	0	9	12	25	22	26	84	75
P01Q201912	P1-0199	N	15	15	22	10	3	1	0	29	0	2	0	0	0	0	4	15	50	5	8	71	50
P01Q201912	P1-0200	N	25	25	6	5	1	0	0	10	0	0	0	0	0	0	2	6	81	3	5	71	19
P01Q201912	P1-0201	N	26	14	23	13	1	0	0	24	0	1	7	0	0	0	5	13	50	5	7	74	50
P01Q201912	P1-0202	N	7	6	35	3	5	1	0	23	0	1	1	0	1	1	17	12	43	3	3	79	57
P01Q201912	P1-0203	N	41	41	28	13	6	1	0	24	0	2	9	0	1	0	13	13	32	22	28	81	68
P01Q201912	P1-0206	N	14	5	17	6	15	0	1	30	0	4	0	0	0	3	1	8	53	2	2	82	47
P01Q201912	P1-0207	N	33	16	3	2	0	0	15	3	0	2	0	0	0	0	0	16	65	3	6	56	35
P01Q201912	P1-0208	N	9	9	1	0	5	0	0	5	0	0	0	0	0	0	0	4	91	0	1	59	9
P01Q201912	P1-0211	N	44	44	42	4	18	0	0	34	0	6	8	0	0	0	16	5	31	28	30	93	69
P01Q201912	P1-0212	N	7	7	0	1	0	0	0	1	0	0	0	0	0	0	0	3	96	0	0	16	4
P01Q201912	P1-0213	N	4	4	31	0	48	0	0	37	0	9	15	0	0	0	18	3	19	3	3	97	81
P01Q201912	P1-0215	N	21	19	0	1	3	0	14	2	0	0	0	0	0	0	0	19	64	3	7	48	36
P01Q201912	P1-0217	N	33	27	0	1	1	0	12	1	0	0	0	0	0	0	0	13	73	4	7	52	27
P01Q201912	P1-0218	N	10	10	0	1	4	2	12	2	0	1	0	0	1	1	1	19	62	2	4	49	38
P01Q201912	P1-0219	N	69	69	0	0	1	0	14	1	0	0	0	0	0	0	0	16	68	11	22	50	32
P01Q201912	P1-0220	N	10	10	0	0	0	1	19	0	0	0	0	0	1	0	0	15	65	2	4	56	35
P01Q201912	P1-0223	N	54	54	42	13	9	0	0	38	0	9	3	0	0	0	13	17	20	34	43	79	80
P01Q201912	P1-0224	N	18	18	6	5	3	0	16	6	0	6	1	0	1	0	1	30	40	5	11	50	60
P01Q201912	P1-0228	N	40	39	47	7	8	0	1	34	0	11	2	0	0	0	15	16	21	24	31	79	79
P01Q201912	P1-0230	N	55	53	44	5	6	0	0	31	1	5	2	0	0	0	14	20	22	31	42	74	78
P01Q201912	P1-0231	N	65	63	45	8	7	0	0	36	0	11	4	0	0	0	8	24	15	38	53	71	85
P01Q201912	P1-0233	N	13	13	69	5	6	0	0	52	0	11	3	0	0	0	14	18	2	10	13	81	98
P01Q201912	P1-0234	N	47	47	49	14	8	0	0	41	0	11	5	0	0	0	13	15	14	33	41	82	86
P01Q201912	P1-0235	N	28	28	46	8	3	0	0	40	0	2	4	0	0	1	10	17	26	16	21	77	74
P01Q201912	P1-0236	N	9	9	29	29	2	0	0	44	1	9	0	0	1	0	6	16	22	6	7	80	78
P01Q201912	P1-0240	N	28	25	5	30	6	0	0	25	0	4	8	0	1	1	1	22	38	10	16	65	62
P01Q201912	P1-0241	N	48	48	47	7	9	0	0	29	0	6	16	0	1	0	11	25	10	31	43	73	90
P01Q201912	P1-0242	N	40	38	9	3	2	0	14	4	0	1	4	0	0	3	1	3	29	26	27	95	71
P01Q201912	P1-0243	N	10	10	19	1	2	0	0	7	0	2	6	0	0	0	6	4	75	2	3	85	25
P01Q201912	P1-0244	N	93	89	44	6	9	0	0	32	0	8	9	0	1	0	10	17	22	54	69	78	78
P01Q201912	P1-0246	N	12	12	55	16	8	0	1	35	1	5	29	0	0	0	8	20	3	9	12	80	97
P01Q201912	P1-0249	N	17	15	14	3	3	0	23	9	5	2	0	0	1	0	3	46	9	7	14	49	91
P01Q201912	P1-0250	N	39	31	44	13	7	2	1	43	0	5	4	0	2	1	10	26	9	20	28	72	91
P01Q201912	P1-0252	N	19	17	29	2	2	0	0	16	0	2	2	0	0	0	14	19	48	6	9	63	52
P01Q201912	P1-0253	N	23	23	32	22	10	0	0	48	0	6	3	0	0	0	7	13	24	15	18	83	76
P01Q201912	P1-0258	N	4	4	71	7	4	0	1	53	0	11	2	0	0	0	15	44	0	3	5	65	127
P01Q201912	P1-0259	N	117	108	37	10	7	1	1	34	1	6	3	0	1	0	9	21	22	62	85	73	78
P01Q201912	P1-0263	N	43	43	16	6	7	2	1	17	0	6	3	0	1	0	3	40	28	14	31	44	72
P01Q201912	P1-0264	N	39	39	56	9	5	0	0	31	0	4	24	0	0	0	9	11	20	27	31	86	80
P01Q201912	P1-0265	N	98	96	35	10	9	0	0	32	1	6	3	0	0	0	10	11	36	52	62	84	64
P01Q201912	P1-0269	N	14	14	21	7	13	0	1	26	0	8	3	0	0	0	3	25	31	6	10	63	69
P01Q201912	P1-0271	N	43	43	50	10	7	0	0	46	0	7	2	0	1	0	11	16	17	29	36	81	83
P01Q201912	P1-0274	N	13	11	59	9	7	0	0	46	0	7	1	0	0	0	21	21	4	8	11	78	96
P01Q201912	P1-0276	N	21	12	19	19	6	0	0	15	0	13	3	0	0	0	13	23	30	6	8	67	70
P01Q201912	P1-0277	N	190	181	15	7	5	0	0	13	0	5	4	0	1	0	4	13	58	52	75	70	42
P01Q201912	P1-0278	N	16	16	25	10	8	0	0	25	0	4	1	0	0	0	12	4	52	7	8	91	48
P01Q201912	P1-0279	N	67	64	41	6	4	0	0	29	2	8	2	0	1	0	9	13	36	33	41	80	64
P01Q201912	P1-0281	N	85	81	32	8	5	1	0	29	0	6	1	0	2	0	7	23	31	37	56	66	69
P01Q201912	P1-0283	N	69	65	38	8	6	0	0	29	0	6	2	0	1	1	13	17	29	35	46	76	71
P01Q201912	P1-0286	N	46	43	34	9	8	2	1	26	0	9	1	0	2	1	13	24	23	23	33	69	77
P01Q201912	P1-0295	N	6	6	19	6	2	0	0	8	0	3	9	0	0	0	7	24	49	2	3	53	51
P01Q201912	P1-0302	N	24	24	45	8	6	0	0	27	0	5	0	0	1	0	26	8	33	14	16	88	67
P01Q201912	P1-0303	N	45	45	51	4	7	0	0	39	0	5	4	0	0	0	14	15	22	28	35	81	78
P01Q201912	P1-0304	N	29	28	3	2	1	0	13	2	0	1	3	0	0	0	0	14	63	7	10	63	37
P01Q201912	P1-0307	N	6	6	12	3	8	0	0	5	0	15	2	0	0	1	0	30	47	1	3	42	53
P01Q201912	P1-0308	N	24	20	5	1	6	0	20	5	0	3	2	0	1	0	0	23	45	6	11	58	55
P01Q201912	P1-0309	N	26	26	46	5	14	0	0	47	0	6	4	0	0	0	8	19	15	17	22	77	85
P01Q201912	P1-0310	N	58	57	16	8	6	0	1	17	0	5	3	0	1	0	4	35	34	18	38	47	66
P01Q201912	P1-0319	N	32	31	6	6	5	1	28	6	0	3	1	0	3	1	3	36	19	14	25	55	81
P01Q201912	P1-0322	N	11	11	9	1	1	1	4	4	0	7	0	0	1	0	1	22	61	2	4	44	39
P01Q201912	P1-0323	N	27	27	34	14	2	0	1	30	0	3	1	0	1	1	13	17	25	16	20	78	75
P01Q201912	P1-0326	N	8	8	18	2	9	0	0	8	0	7	4	0	2	0	7	13	59	2	3	68	41
P01Q201912	P1-0327	N	8	8	15	7	10	0	0	17	1	6	0	0	0	0	8	16	52	3	4	67	48
P01Q201912	P1-0330	N	13	12	16	6	1	0	0	12	0	4	1	0	0	0	5	28	50	3	6	45	50
P01Q201912	P1-0332	N	1	1	71	13	0	0	0	48	0	16	0	6	0	0	13	78	0	1	2	52	162
P01Q201912	P1-0333	N	2	2	66	5	32	0	0	79	0	14	0	0	5	0	5	32	0	2	3	76	134
P01Q201912	P1-0336	N	32	31	9	5	4	0	13	12	0	1	1	0	1	0	2	0	41	18	18	100	59
P01Q201912	P1-0337	N	25	23	44	12	6	0	0	41	0	3	2	0	1	0	14	12	25	14	17	83	75
P01Q201912	P1-0340	N	8	8	23	9	5	0	0	31	0	4	0	0	0	2	1	9	54	3	4	81	46
P01Q201912	P1-0342	N	44	30	17	3	7	10	16	16	0	3	2	0	1	12	3	31	16	16	25	63	84
P01Q201912	P1-0345	N	29	26	50	11	8	1	0	45	0	5	1	0	2	2	15	18	12	18	23	80	88
P01Q201912	P1-0346	N	32	30	40	7	4	0	0	37	0	2	2	0	0	1	9	22	27	15	22	70	73
P01Q201912	P1-0348	N	12	12	47	14	15	0	0	53	0	2	9	0	0	0	11	28	0	9	12	73	104
P01Q201912	P1-0349	N	18	18	53	9	7	1	0	46	0	9	2	0	2	0	9	13	17	13	15	84	83
P01Q201912	P1-0352	N	2	2	27	27	4	0	0	27	0	28	3	0	0	0	0	56	0	1	2	49	110
P01Q201912	P1-0353	N	18	17	21	6	6	2	1	24	0	5	5	1	1	1	0	45	2	9	17	54	98
P01Q201912	P1-0354	N	1	1	0	0	0	6	0	0	0	0	0	0	0	6	0	94	0	0	1	6	100
P01Q201912	P1-0355	N	63	62	34	11	13	1	0	35	0	6	5	0	2	1	10	18	23	36	48	76	77
P01Q201912	P1-0357	N	12	12	57	12	16	1	0	47	1	5	10	0	0	0	22	16	0	10	12	84	102
P01Q201912	P1-0358	N	17	17	28	3	6	0	0	29	0	0	3	0	0	0	5	22	41	6	10	63	59
P01Q201912	P1-0360	N	27	26	5	0	2	0	20	5	0	0	0	0	2	0	0	37	35	7	17	42	65
P01Q201912	P1-0362	N	30	30	0	1	1	0	29	1	0	0	0	0	0	0	1	36	33	9	20	47	67
P01Q201912	P1-0363	N	24	22	11	6	2	0	1	12	0	3	1	0	2	0	2	21	59	4	9	49	41
P01Q201912	P1-0365	N	32	31	46	8	7	0	0	43	1	4	3	0	1	0	11	13	25	19	23	83	75
P01Q201912	P1-0367	N	89	87	25	6	6	2	0	23	0	2	3	0	1	1	7	9	53	33	41	80	47
P01Q201912	P1-0371	N	18	18	16	3	3	0	0	10	0	2	1	0	3	0	7	8	69	4	6	74	31
P01Q201912	P1-0374	N	11	4	25	6	6	6	0	17	0	5	3	0	2	11	6	33	21	2	3	58	79
P01Q201912	P1-0375	N	95	82	14	6	5	1	21	17	0	3	1	0	1	0	2	29	24	38	62	61	76
P01Q201912	P1-0377	N	26	23	24	9	4	1	2	24	0	3	1	0	2	0	7	15	45	9	13	74	55
P01Q201912	P1-0381	N	15	14	13	1	2	1	0	8	0	5	1	0	1	0	3	9	60	4	6	77	40
P01Q201912	P1-0382	N	31	18	28	18	2	1	1	32	0	1	1	0	0	0	14	6	37	10	11	90	63
P01Q201912	P1-0384	N	37	29	65	12	12	1	0	69	0	7	1	0	2	0	11	15	0	26	31	86	107
P01Q201912	P1-0386	N	34	34	34	6	9	1	0	37	0	4	1	0	3	0	5	7	43	17	19	88	57
P01Q201912	P1-0387	N	38	36	54	15	6	0	0	53	0	5	1	0	0	0	17	22	2	27	35	77	98
P01Q201912	P1-0390	N	17	17	16	5	16	1	1	26	0	6	1	0	1	0	4	26	35	7	11	60	65
P01Q201912	P1-0391	N	26	26	38	8	17	4	1	43	0	8	0	0	1	0	14	13	20	18	21	84	80
P01Q201912	P1-0392	N	12	12	59	13	6	4	0	48	0	12	0	0	3	0	18	13	5	10	11	87	95
P01Q201912	P1-0393	N	80	78	58	7	9	3	0	54	0	7	0	0	2	0	14	8	15	60	66	90	85
P01Q201912	P1-0394	N	12	10	37	2	21	0	0	34	0	6	0	0	0	0	20	15	25	6	8	80	75
P01Q201912	P1-0397	N	21	21	23	6	11	0	13	34	0	3	0	0	0	0	3	29	19	11	17	65	81
P01Q201912	P1-0399	N	54	51	48	17	8	0	0	54	0	7	0	0	0	0	11	13	13	38	44	85	87
P01Q201912	P1-0401	N	29	29	51	22	15	1	0	73	0	6	1	0	0	0	8	26	0	26	33	77	114
P01Q201912	P1-0402	N	16	16	27	4	1	0	0	19	0	5	0	0	0	0	8	5	59	6	7	88	41
P01Q201912	P1-0403	N	26	24	58	9	10	1	0	65	0	4	1	0	2	0	6	21	1	19	24	79	99
P01Q201912	P1-0405	N	15	15	80	5	8	0	0	55	0	7	1	0	1	1	29	14	0	14	16	87	108
P01Q201912	P1-0406	N	14	13	50	8	7	5	0	42	0	6	2	0	3	0	18	13	17	9	11	84	83
P01Q201912	P1-0411	N	28	25	25	1	0	0	10	19	0	2	0	0	0	0	4	22	42	9	14	62	58
P01Q201912	P1-0414	N	7	7	14	8	15	1	25	27	0	3	3	0	0	0	5	33	3	4	7	66	97
P01Q201912	P1-0415	N	100	97	32	29	7	1	0	46	0	7	3	0	1	0	12	17	13	68	85	81	87
P01Q201912	P1-0416	N	3	3	56	6	2	0	0	35	0	0	2	0	0	0	27	33	3	2	3	66	97
P01Q201912	P1-0417	N	8	8	9	9	1	2	23	14	0	5	1	0	2	0	0	29	24	4	6	61	76
P01Q201912	P1-0419	N	17	15	26	37	5	0	0	49	1	4	3	0	2	0	9	13	19	10	12	84	81
P01Q201912	P1-0422	N	57	46	11	7	4	0	14	16	0	3	0	0	1	0	2	16	32	24	31	77	68
P01Q201912	P1-0425	N	68	61	51	11	4	1	1	52	0	5	1	0	1	1	7	12	12	47	54	87	88
P01Q201912	P1-0426	N	8	8	13	0	0	0	0	13	0	0	0	0	0	0	0	38	50	1	4	25	50
P01Q201912	P1-0427	N	60	58	68	7	10	0	0	57	0	6	0	0	0	1	20	12	1	50	58	88	99
P01Q201912	P1-0428	N	39	38	67	15	9	0	0	72	0	5	0	0	0	1	13	12	0	35	40	89	105
P01Q201912	P1-0430	N	32	30	64	5	10	0	0	62	0	2	0	0	0	1	15	15	4	24	29	84	96
P01Q201912	P1-0431	N	31	29	58	8	8	0	0	52	0	3	0	0	0	0	19	19	6	22	27	80	94
P01Q201912	P1-0432	N	7	7	33	4	4	0	0	18	0	8	0	0	0	0	16	25	33	3	5	62	67
P01Q201912	P1-0440	N	127	117	41	13	13	1	0	47	0	6	0	0	1	0	13	23	10	79	106	75	90
P01Q201912	P1-0442	N	61	60	10	8	4	1	0	14	0	3	1	0	1	0	3	19	53	17	28	60	47
P01Q201912	P1-0443	N	23	23	47	12	9	2	0	40	0	8	0	0	2	1	19	24	7	16	21	74	93
P01Q201912	P1-0445	N	5	5	16	6	3	0	23	19	1	1	1	0	0	1	0	29	24	2	4	62	76
P01Q201912	P1-0446	N	15	12	15	11	4	2	0	17	0	6	0	0	2	0	7	8	60	4	5	81	40
P01Q201912	P1-0447	N	76	69	4	6	3	1	27	7	0	3	1	0	1	0	2	38	20	29	55	53	80
P01Q201912	P1-0449	N	55	45	51	16	8	1	0	51	0	5	2	0	1	1	16	19	1	36	44	81	99
P01Q201912	P1-0450	N	73	38	47	20	17	1	1	54	0	7	1	0	3	3	17	39	0	33	48	69	125
P01Q201912	P1-0452	N	70	67	13	13	6	1	1	15	0	7	5	0	2	0	5	15	49	24	34	71	51
P01Q201912	P1-0453	N	7	7	13	3	6	0	0	8	0	2	5	0	0	0	8	11	67	2	2	68	33
P01Q201912	P1-0455	N	17	17	14	4	2	0	0	10	0	2	0	0	3	0	6	22	57	4	7	48	43
P01Q201912	P1-0457	N	6	3	1	1	18	0	0	13	0	2	0	0	0	0	6	29	50	1	2	42	50
P01Q201912	P1-0460	N	18	14	1	0	2	0	0	2	0	1	0	0	0	0	0	21	76	0	3	14	24
P01Q201912	P1-0461	N	37	37	7	5	17	1	1	10	0	5	9	0	1	3	2	21	48	12	19	60	52
P01Q201912	P1-0462	N	46	46	3	1	2	3	19	2	0	4	0	0	1	2	0	22	36	19	29	66	64
P01Q201912	P1-0464	N	105	88	19	5	11	1	0	21	0	5	2	0	1	2	4	15	45	35	48	72	55
P01Q201912	P1-0466	N	75	69	8	5	7	2	0	9	0	5	5	0	1	1	1	11	61	19	27	72	39
P01Q201912	P1-0468	N	221	219	4	1	3	1	12	6	0	2	1	0	1	0	1	20	57	49	93	53	43
P01Q201912	P1-0470	N	14	14	37	7	5	0	0	23	2	12	0	0	1	1	11	10	39	7	9	83	61
P01Q201912	P1-0471	N	27	27	12	1	6	0	0	7	0	5	0	0	0	2	5	4	77	5	6	81	23
P01Q201912	P1-0472	N	39	39	23	1	9	0	0	22	0	2	0	0	0	5	3	8	58	13	16	81	42
P01Q201912	P1-0476	N	110	107	23	4	7	1	1	21	0	6	3	0	2	1	2	7	54	42	49	85	46
P01Q201912	P1-0478	N	16	16	28	15	4	0	0	34	0	2	1	0	3	0	6	4	49	7	8	91	51
P01Q201912	P1-0479	N	22	21	37	3	2	6	0	31	0	1	1	0	1	6	8	7	45	10	11	87	55
P01Q201912	P1-0481	N	33	30	53	7	9	0	0	49	0	2	1	0	3	0	15	9	20	21	24	89	80
P01Q201912	P1-0482	N	2	1	27	0	71	0	0	31	0	0	0	0	0	0	67	5	0	1	1	95	103
P01Q201912	P1-0483	N	25	25	46	7	10	1	0	50	0	5	1	0	1	1	6	15	20	16	20	81	80
P01Q201912	P1-0485	N	15	15	47	9	5	1	0	33	0	6	0	0	1	0	21	15	23	9	12	81	77
P01Q201912	P1-0486	N	48	48	2	2	4	1	24	2	0	2	2	0	2	0	0	36	31	16	33	47	69
P01Q201912	P1-0488	N	56	55	22	4	7	2	21	18	0	6	1	0	2	0	9	31	14	31	48	65	86
P01Q201912	P1-0491	N	26	16	33	4	13	1	1	33	1	12	1	0	3	0	0	31	17	8	13	63	83
P01Q201912	P1-0493	N	16	14	12	2	7	1	26	15	1	4	1	0	1	0	1	32	21	7	11	59	79
P01Q201912	P1-0496	N	67	64	4	2	5	1	12	6	0	2	0	0	1	0	1	16	53	20	30	65	47
P01Q201912	P1-0498	N	79	70	1	3	4	0	14	3	0	3	1	0	1	1	0	26	50	16	35	47	50
P01Q201912	P1-0499	N	21	21	1	2	3	1	18	3	0	2	1	0	1	0	0	16	50	7	11	69	50
P01Q201912	P1-0500	N	39	38	23	7	8	1	1	24	1	11	1	0	1	0	1	28	31	15	26	58	69
P01Q201912	P1-0501	N	54	53	3	3	3	1	19	2	0	6	0	0	2	0	0	39	31	16	37	44	69
P01Q201912	P1-0502	N	22	17	5	12	13	1	3	13	2	9	4	0	2	0	0	76	0	6	19	31	110
P01Q201912	P1-0505	N	37	32	0	1	2	1	11	2	0	2	0	0	1	1	0	36	48	5	16	30	52
P01Q201912	P1-0506	N	14	14	7	3	9	1	1	5	0	3	3	0	1	4	4	28	51	3	7	43	49
P01Q201912	P1-0508	N	14	14	16	5	16	1	0	6	0	16	2	0	1	12	0	35	28	5	10	52	72
P01Q201912	P1-0513	N	19	18	23	2	6	0	0	22	0	5	1	0	1	0	2	16	53	6	8	66	47
P01Q201912	P1-0514	N	5	5	24	23	10	0	6	37	0	14	0	0	0	0	6	25	13	3	4	71	87
P01Q201912	P1-0515	N	14	12	44	4	6	0	0	37	0	7	0	0	0	0	10	28	18	6	10	66	82
P01Q201912	P1-0518	N	3	2	17	54	24	4	0	51	0	26	9	0	9	0	4	43	0	2	3	73	159
P01Q201912	P1-0519	N	15	15	36	13	13	1	0	30	0	17	2	0	1	0	13	28	9	9	14	69	91
P01Q201912	P1-0520	N	9	9	18	17	2	0	0	22	0	4	1	0	1	0	9	17	39	4	6	72	61
P01Q201912	P1-0522	N	13	12	9	3	4	4	0	3	0	11	0	0	4	0	1	25	55	2	5	44	45
P01Q201912	P1-0523	N	68	66	28	20	7	2	0	31	0	8	2	0	1	1	14	29	14	38	57	67	86
P01Q201912	P1-0530	N	10	9	6	12	6	1	0	11	0	6	5	0	1	0	2	46	26	2	7	37	74
P01Q201912	P1-0532	N	44	40	24	12	11	0	0	26	0	11	4	0	1	0	5	29	24	19	30	62	76
P01Q201912	P1-0535	N	90	80	42	20	8	1	0	40	0	13	2	0	1	0	14	22	7	57	74	76	93
P01Q201912	P1-0536	N	17	17	15	4	3	1	0	12	0	1	1	0	1	0	8	22	55	4	8	50	45
P01Q201912	P1-0537	N	23	23	15	8	4	1	0	19	0	6	1	0	1	0	1	34	37	7	15	46	63
P01Q201912	P1-0539	N	37	35	31	2	11	1	1	28	0	5	1	0	1	1	9	27	24	17	27	64	76
P01Q201912	P1-0540	N	35	30	3	0	2	1	7	2	0	2	1	0	1	0	0	35	53	4	14	25	47
P01Q201912	P1-0543	N	12	10	60	2	6	3	0	37	0	6	0	0	0	3	25	18	11	7	9	80	89
P01Q201912	P1-0545	N	9	8	4	1	2	1	20	4	0	2	0	0	1	1	1	55	16	2	7	34	84
P01Q201912	P1-0548	N	123	121	49	8	4	0	0	44	0	5	3	0	0	0	10	11	28	74	87	85	72
P01Q201912	P1-0551	N	2	2	31	6	0	0	0	7	0	15	0	0	0	0	14	0	63	1	1	100	37
P01Q201912	P1-0552	N	5	5	71	6	0	2	0	68	0	0	0	0	2	0	10	9	18	4	4	89	82
P01Q201912	P1-0553	N	8	8	34	9	6	1	0	30	0	3	5	0	0	0	12	17	33	4	5	74	67
P01Q201912	P1-0555	N	75	73	2	4	1	0	17	4	0	1	1	0	0	0	0	21	56	17	32	53	44
P01Q201912	P1-0556	N	27	27	53	8	9	0	0	45	0	5	4	0	0	0	15	10	20	19	22	88	80
P01Q201912	P1-0557	N	45	44	33	3	5	0	0	32	0	2	0	0	0	0	8	4	54	18	20	90	46
P01Q201912	P1-0559	N	32	30	45	11	11	3	0	49	0	5	0	0	2	1	12	7	24	21	23	91	76
P01Q201912	P1-0560	N	17	16	43	7	7	1	0	32	0	1	0	0	0	0	26	16	25	9	12	78	75
P01Q201912	P1-0561	N	9	9	32	15	19	0	0	45	0	9	1	0	2	0	10	17	17	6	7	80	83
P01Q201912	P1-0564	N	8	8	62	1	3	0	0	56	0	3	0	0	1	1	5	19	15	5	7	77	85
P01Q201912	P1-0565	N	20	20	23	2	3	0	8	25	0	2	0	0	0	0	0	16	48	7	10	70	52
P01Q201912	P1-0567	N	32	11	29	0	1	1	3	23	0	1	0	0	1	0	6	21	46	4	6	61	54
P01Q201912	P1-0569	N	32	32	18	1	1	1	0	16	0	1	0	0	0	0	3	15	65	7	11	58	35
P01Q201912	P1-0570	N	5	5	71	5	3	0	0	73	0	0	0	0	0	3	3	18	4	4	5	81	96
P01Q201912	P1-0571	N	7	7	31	2	27	1	0	48	0	12	1	0	0	0	0	13	27	4	5	82	73
P01Q201912	P1-0572	N	60	55	46	11	6	3	0	39	1	10	2	0	2	0	10	18	16	36	46	78	84
P01Q201912	P1-0573	N	40	37	40	6	11	0	0	39	0	4	1	0	2	2	9	12	30	22	26	83	70
P01Q201912	P1-0575	N	27	27	4	3	3	0	13	7	0	1	2	0	0	0	1	46	31	6	19	34	69
P01Q201912	P1-0577	N	24	24	68	3	3	0	0	44	0	8	0	0	7	2	14	10	14	18	21	88	86
P01Q201912	P1-0581	N	20	19	31	3	7	1	10	36	0	1	1	0	0	0	3	22	27	10	14	70	73
P01Q201912	P1-0582	N	59	56	58	12	3	0	0	59	0	5	0	0	0	0	8	20	6	41	53	79	94
P01Q201912	P1-0584	N	62	56	30	7	8	0	0	34	0	6	1	0	1	0	3	19	36	25	36	71	64
P01Q201912	P1-0585	N	20	15	74	7	10	0	0	54	0	6	0	0	0	0	31	21	0	14	17	81	112
P01Q201912	P1-0586	N	44	43	33	2	5	1	0	29	0	6	1	0	1	0	4	28	30	18	30	59	70
P01Q201912	P1-0590	N	74	66	2	5	6	1	1	4	0	5	1	1	3	0	0	13	73	10	18	54	27
P01Q201912	P1-0591	N	23	23	21	1	1	0	9	15	0	1	3	0	0	0	3	20	47	7	12	61	53
P01Q201912	P1-0592	N	39	35	2	1	3	1	13	1	0	3	1	0	2	0	0	36	42	8	20	37	58
P01Q201912	P1-0596	N	44	44	2	1	2	0	15	2	0	2	0	0	0	0	0	22	58	9	19	48	42
P01Q201912	P1-0599	N	3	2	0	0	5	0	0	0	0	5	0	0	0	0	0	36	59	0	1	12	41
P01Q201912	P1-0600	N	17	16	0	5	5	2	1	5	0	4	1	0	2	0	0	6	77	3	4	74	23
P01Q201912	P1-0601	N	54	54	9	3	1	1	13	10	0	0	0	0	0	0	1	9	65	14	19	73	35
P01Q201912	P1-0602	N	33	32	16	4	4	1	13	21	0	1	0	0	1	1	1	29	32	12	22	58	68
P01Q201912	P1-0604	N	14	8	13	2	5	0	1	16	0	1	0	0	0	0	2	11	70	2	2	63	30
P01Q201912	P1-0606	N	69	59	23	27	13	1	1	38	0	7	2	0	1	4	11	14	22	38	46	82	78
P01Q201912	P1-0608	N	10	10	5	1	1	0	1	5	0	1	0	0	0	0	0	3	85	1	1	79	15
P01Q201912	P1-0609	N	4	4	30	13	14	0	0	37	0	11	0	1	0	1	7	24	20	2	3	70	80
P01Q201912	P1-0611	N	18	18	66	19	8	0	0	73	0	3	1	0	0	1	16	9	0	17	18	91	102
P01Q201912	P1-0612	N	4	4	36	17	12	0	1	60	0	2	0	0	2	0	2	18	15	3	3	79	85
P01Q201912	P1-0613	N	7	7	31	8	6	0	0	40	0	2	0	0	0	0	4	7	48	3	4	87	52
P01Q201912	P1-0614	N	3	3	43	7	11	0	5	46	0	4	0	0	0	0	11	32	2	2	3	67	98
P01Q201912	P1-0117	X15	23	21	0	0	0	0	3	0	0	0	0	0	0	0	0	1	96	1	1	67	4
P01Q201912	P1-0133	X15	47	40	11	4	1	0	2	14	0	3	0	0	0	0	0	7	74	8	10	73	26
P01Q201912	P1-0158	X15	3	3	23	11	34	0	0	57	0	6	6	0	0	0	0	15	17	2	3	82	83
P01Q201912	P1-0207	X15	33	16	2	0	0	0	4	2	0	0	0	0	0	0	0	8	85	1	2	43	15
P01Q201912	P1-0215	X15	21	19	0	0	2	0	4	2	0	0	0	0	0	0	0	7	88	1	2	43	12
P01Q201912	P1-0217	X15	33	27	0	0	0	0	4	0	0	0	0	0	0	0	0	6	90	1	3	43	10
P01Q201912	P1-0218	X15	10	10	0	0	3	0	0	3	0	0	0	0	0	0	0	11	87	0	1	20	13
P01Q201912	P1-0219	X15	69	69	1	0	1	0	2	1	0	0	0	0	0	0	0	3	94	2	4	52	6
P01Q201912	P1-0220	X15	10	10	0	0	0	0	7	0	0	0	0	0	0	0	0	3	90	1	1	67	10
P01Q201912	P1-0224	X15	18	18	9	2	2	0	2	4	0	7	2	0	0	0	0	22	63	3	7	41	37
P01Q201912	P1-0242	X15	40	38	7	2	1	0	2	1	0	0	8	0	0	0	1	31	57	4	16	27	43
P01Q201912	P1-0249	X15	17	15	16	0	0	0	5	7	5	0	0	0	0	0	5	28	51	3	7	42	49
P01Q201912	P1-0304	X15	29	28	3	3	0	0	1	2	0	0	3	0	0	0	2	11	83	2	5	39	17
P01Q201912	P1-0308	X15	24	20	3	0	0	0	2	3	0	0	0	0	0	0	0	7	88	1	2	43	12
P01Q201912	P1-0319	X15	32	31	2	6	4	0	5	6	0	4	0	0	0	0	1	20	63	5	11	46	37
P01Q201912	P1-0322	X15	11	11	3	0	0	0	0	0	0	0	0	0	0	0	3	3	94	0	1	49	6
P01Q201912	P1-0336	X15	32	31	11	2	2	0	2	12	0	0	0	0	1	0	2	10	72	6	9	64	28
P01Q201912	P1-0342	X15	44	30	24	2	3	0	3	19	0	4	1	0	0	0	5	40	28	10	22	45	72
P01Q201912	P1-0360	X15	27	26	1	1	0	0	3	1	0	0	1	0	0	0	0	24	71	1	8	18	29
P01Q201912	P1-0362	X15	30	30	0	2	2	0	2	4	0	0	0	0	0	0	1	18	76	2	7	25	24
P01Q201912	P1-0375	X15	95	82	15	6	2	0	4	20	0	1	0	0	0	0	2	19	54	22	38	58	46
P01Q201912	P1-0397	X15	21	21	22	5	3	0	6	27	0	1	0	0	0	0	1	36	29	7	15	50	71
P01Q201912	P1-0411	X15	28	25	29	0	0	0	0	22	0	0	0	0	0	0	7	13	59	7	10	69	41
P01Q201912	P1-0414	X15	7	7	23	5	0	0	12	25	0	0	0	0	0	0	4	35	24	3	5	53	76
P01Q201912	P1-0417	X15	8	8	13	13	0	0	13	13	0	6	6	0	0	0	0	19	44	3	5	67	56
P01Q201912	P1-0422	X15	57	46	11	4	2	0	3	11	0	3	0	0	0	0	2	14	67	9	15	57	33
P01Q201912	P1-0426	X15	8	8	17	17	0	0	4	29	0	4	0	0	0	0	0	8	54	3	4	82	46
P01Q201912	P1-0445	X15	5	5	7	0	0	0	0	7	0	0	0	0	0	0	0	20	73	0	1	25	27
P01Q201912	P1-0447	X15	76	69	4	5	1	0	8	7	0	2	0	0	0	0	1	40	43	12	40	31	57
P01Q201912	P1-0462	X15	46	46	2	2	0	0	4	2	0	2	0	0	0	0	0	30	63	3	17	20	37
P01Q201912	P1-0468	X15	221	219	4	2	3	1	2	7	0	2	0	0	0	0	1	7	82	24	39	61	18
P01Q201912	P1-0486	X15	48	48	1	1	2	0	11	1	0	1	1	0	0	0	1	14	70	7	14	51	30
P01Q201912	P1-0488	X15	56	55	23	6	6	1	5	21	0	7	1	0	0	0	7	23	36	23	35	64	64
P01Q201912	P1-0493	X15	16	14	11	0	2	0	5	11	0	0	0	0	0	0	2	12	69	3	4	60	31
P01Q201912	P1-0496	X15	67	64	4	0	5	0	3	6	0	1	0	0	1	0	1	5	83	7	11	70	17
P01Q201912	P1-0498	X15	79	70	2	2	2	0	3	3	0	2	0	0	0	0	0	14	78	6	16	39	22
P01Q201912	P1-0499	X15	21	21	0	2	2	0	2	2	0	0	2	0	0	0	0	5	90	1	2	50	10
P01Q201912	P1-0501	X15	54	53	2	1	0	0	3	0	0	3	0	0	0	0	0	21	73	3	14	23	27
P01Q201912	P1-0505	X15	37	32	0	2	1	0	1	2	0	0	1	0	0	0	0	13	82	2	6	27	18
P01Q201912	P1-0540	X15	35	30	6	0	0	1	3	1	0	3	2	0	0	0	0	11	80	3	6	45	20
P01Q201912	P1-0545	X15	9	8	14	0	0	0	0	10	0	4	0	0	0	0	0	44	42	1	5	24	58
P01Q201912	P1-0555	X15	75	73	2	5	0	0	5	5	0	1	0	0	0	0	0	12	77	8	17	50	23
P01Q201912	P1-0565	X15	20	20	24	1	5	0	6	26	0	4	0	0	0	0	0	9	55	7	9	80	45
P01Q201912	P1-0567	X15	32	11	30	3	3	0	0	33	0	0	0	0	0	0	3	30	33	4	7	55	67
P01Q201912	P1-0575	X15	27	27	11	2	2	0	11	14	0	0	1	0	1	0	0	44	28	7	19	38	72
P01Q201912	P1-0581	X15	20	19	37	3	12	0	2	48	0	0	4	0	0	0	0	16	30	10	13	77	70
P01Q201912	P1-0591	X15	23	23	16	0	0	0	0	12	0	1	1	0	0	0	1	8	77	4	5	67	23
P01Q201912	P1-0592	X15	39	35	0	2	1	1	2	1	0	2	1	0	0	0	0	23	71	2	10	20	29
P01Q201912	P1-0596	X15	44	44	2	1	1	0	1	3	0	1	0	0	0	0	1	11	83	2	7	33	17
P01Q201912	P1-0601	X15	54	54	7	1	0	1	2	9	0	0	0	0	0	0	0	2	86	6	8	83	14
P01Q201912	P1-0602	X15	33	32	17	3	3	0	0	22	0	1	0	0	0	1	0	23	54	7	15	50	46
P01Q201912	P1-0608	X15	10	10	3	0	0	0	0	3	0	0	0	0	0	0	0	0	97	0	0	100	3
P01Q201912	P1-0614	X15	3	3	17	0	0	0	0	0	0	17	0	0	0	0	0	50	33	1	2	25	67
P01Q201912	P1-2591	X15																			0		
P01Q201912	P1-2770	X15																			0		
P01Q201912	P1-2771	X15																			0		
P01Q201912	P1-0545	X67	9	8	0	0	0	0	0	0	0	0	0	0	0	0	0	100	0	0	8	0	100
P01Q201912	P1-0581	X67	20	19															100		0		0
P01Q201912	P1-2591	X67																			0		
P01Q201912	P1-2770	X67																			0		
P01Q201912	P1-2771	X67																			0		
P01Q201912	P1-0217	X	33	27															100		0		0
P01Q201912	P1-0218	X	10	10															100		0		0
P01Q201912	P1-0219	X	69	69															100		0		0
P01Q201912	P1-0342	X	44	30															100		0		0
P01Q201912	P1-0346	X	32	30															100		0		0
P01Q201912	P1-0355	X	63	62															100		0		0
P01Q201912	P1-0362	X	30	30	0	2	2	0	0	3	0	0	0	0	0	0	0	12	85	1	5	22	15
P01Q201912	P1-0367	X	89	87															100		0		0
P01Q201912	P1-0371	X	18	18															100		0		0
P01Q201912	P1-0390	X	17	17	5	2	7	0	0	12	0	0	2	0	0	0	0	15	71	3	5	50	29
P01Q201912	P1-0391	X	26	26															100		0		0
P01Q201912	P1-0392	X	12	12															100		0		0
P01Q201912	P1-0393	X	80	78															100		0		0
P01Q201912	P1-0394	X	12	10															100		0		0
P01Q201912	P1-0397	X	21	21	4	1	0	0	3	4	0	1	0	0	0	0	0	10	82	2	4	44	18
P01Q201912	P1-0447	X	76	69	4	4	0	0	3	1	0	4	2	0	0	0	1	4	86	8	10	75	14
P01Q201912	P1-0453	X	7	7	2	0	1	0	0	0	0	1	0	0	0	0	2	2	95	0	0	48	5
P01Q201912	P1-0460	X	18	14	0	0	0	0	0	0	0	0	0	0	0	0	0	8	91	0	1	6	9
P01Q201912	P1-0461	X	37	37	13	3	15	0	1	14	0	6	7	0	1	0	3	15	53	12	18	68	47
P01Q201912	P1-0462	X	46	46	9	0	4	0	11	2	0	9	0	0	2	0	0	33	43	11	26	42	57
P01Q201912	P1-0464	X	105	88	23	7	9	0	0	23	0	4	5	0	0	0	6	21	40	34	53	65	60
P01Q201912	P1-0468	X	221	219	3	0	2	0	9	3	0	0	1	0	0	0	1	22	63	31	80	39	37
P01Q201912	P1-0470	X	14	14	23	6	6	0	0	23	0	6	0	0	0	0	6	23	43	5	8	60	57
P01Q201912	P1-0471	X	27	27	15	0	4	0	0	7	0	4	0	0	0	0	7	7	74	5	7	71	26
P01Q201912	P1-0472	X	39	39	5	0	0	0	0	3	0	3	0	0	0	0	0	3	92	2	3	67	8
P01Q201912	P1-0476	X	110	107															100		0		0
P01Q201912	P1-0482	X	2	1	100	0	0	0	0	100	0	0	0	0	0	0	0	100	0	1	2	50	200
P01Q201912	P1-0483	X	25	25	48	4	24	0	0	60	0	8	0	0	0	0	8	0	24	19	19	100	76
P01Q201912	P1-0548	X	123	121	18	4	5	0	0	20	0	3	2	0	0	0	2	2	70	33	36	92	30
P01Q201912	P1-0553	X	8	8															100		0		0
P01Q201912	P1-0555	X	75	73	1	3	0	0	14	3	0	1	0	0	0	0	0	8	74	13	19	68	26
P01Q201912	P1-0556	X	27	27	44	15	4	0	0	30	4	7	0	0	0	0	22	7	30	17	19	89	70
P01Q201912	P1-0557	X	45	44															100		0		0
P01Q201912	P1-0559	X	32	30	27	7	7	3	0	27	0	3	0	0	0	3	10	0	57	13	13	100	43