Season	TARIFPA	CODE	KOD_ZSJ	STREETNAME	Price	Trans	dff	Mths	age	Tr_MONTH	Tr_DAY
P00-201912	6	22000004	173428	FRANTIäKA DIVIäE	4732	351	72160	3	23	117	4
P00-201912	6	22000002	173428	NOV… N¡MÃSTÕ	63299	4860	1111016	3	23	1620	54
P00-201912	6	22000001	173428	NOV… N¡MÃSTÕ	43536	3541	526701	3	23	1181	40
P00-201912	7	16000001	324868	SÕDLIäTÃ	73338	5739	739923	3	23	1913	64
P00-201912	32	13000002	316440	PETRéÕLKOVA	64988	13871	2541680	3	23	4624	155
P00-201912	33	13000001	305863	PETRéÕLKOVA	37670	5731	749086	3	23	1911	64
P00-201912	11	8000114	130478	STÿELNI»N¡	9816	400	109163	3	28	134	5
P00-201912	11	8000113	130478	KLAPKOVA	12229	414	108371	3	28	138	5
P00-201912	11	8000112	130478	KLECANSK¡	8921	338	91472	3	28	113	4
P00-201912	11	8000111	306363	»UMPELÕKOVA	5183	144	84893	3	28	48	2
P00-201912	11	8000110	306380	äIMŸNKOVA	61266	1704	736978	3	28	568	19
P00-201912	11	8000109	306380	KUBÕKOVA	20166	577	339376	3	28	193	7
P00-201912	11	8000108	130648	œ¡BLICK¡	17590	823	222716	3	28	275	10
P00-201912	11	8000107	130842	œ¡BLICK¡	9441	445	192440	3	28	149	5
P00-201912	11	8000106	130851	œ¡BLICK¡	15144	394	199414	3	28	132	5
P00-201912	11	8000105	130851	œ¡BLICK¡	14852	417	242137	3	28	139	5
P00-201912	11	8000103	130656	BEDÿICHOVSK¡	17764	357	193047	3	39	119	4
P00-201912	11	8000101	130672	U SLOVANKY	24747	591	227539	3	39	197	7
P00-201912	11	8000100	306371	FR›DLANTSK¡	66504	1964	922912	3	39	655	22
P00-201912	11	8000099	306371	DAVÕDKOVA	68885	1788	738539	3	39	596	20
P00-201912	11	8000098	130443	KYSELOVA	76858	2552	896078	3	39	851	29
P00-201912	11	8000097	130443	KYSELOVA	94400	3344	920574	3	39	1115	38
P00-201912	11	8000096	130443	HLAV¡»OVA	53874	1695	486194	3	39	565	19
P00-201912	11	8000095	306363	FAMFULÕKOVA	31717	785	450537	3	39	262	9
P00-201912	11	8000094	306363	»UMPELÕKOVA	18316	508	225300	3	39	170	6
P00-201912	11	8000093	130443	»UMPELÕKOVA	68194	2545	474933	3	39	849	29
P00-201912	11	8000092	130699	U äKOLSK… ZAHRADY	61593	1650	361908	3	39	550	19
P00-201912	11	8000091	130699	NAD KOUPALIäTÃM	43931	1261	379497	3	39	421	15
P00-201912	11	8000090	130699	TROJSK¡	44822	919	460097	3	39	307	11
P00-201912	11	8000089	130699	NA PÃäIN¡CH	29782	702	149887	3	39	234	8
P00-201912	22	8000088	130699	KE KOUPALIäTI	31877	1067	173169	3	39	356	12
P00-201912	11	8000087	130699	KE STÕRCE	49624	1789	502947	3	39	597	20
P00-201912	11	8000086	130699	KOBYLISK… N¡M.	76016	1967	952083	3	39	656	22
P00-201912	11	8000085	130508	VRäNÕ	96494	2766	789438	3	39	922	31
P00-201912	11	8000084	130478	BÿEZINÃVESK¡	100276	2366	960691	3	39	789	27
P00-201912	11	8000083	130478	BOÿANOVICK¡	42020	1203	390531	3	39	401	14
P00-201912	11	8000082	130478	LÕBEZNICK¡	36887	984	308956	3	39	328	11
P00-201912	11	8000081	130508	PÿEMYäLENSK¡	57720	2543	670606	3	39	848	29
P00-201912	11	8000080	130508	TROUSILOVA	21439	695	252829	3	39	232	8
P00-201912	25	8000064	130940	SOKOLOVSK¡	26757	607	106623	3	39	203	7
P00-201912	12	8000063	130893	POVLTAVSK¡	17220	469	112004	3	39	157	6
P00-201912	12	8000062	130907	PIVOVARNICK¡	48719	1364	527286	3	39	455	16
P00-201912	12	8000061	131008	U METEORU	52543	2160	237120	3	39	720	24
P00-201912	25	8000059	130915	SOKOLOVSK¡	35124	773	227241	3	39	258	9
P00-201912	25	8000058	130915	VACÕNOVA	18169	384	85683	3	39	128	5
P00-201912	25	8000057	130915	SOKOLOVSK¡	29734	708	226450	3	39	236	8
P00-201912	23	8000056	130915	SOKOLOVSK¡	51587	1794	350903	3	39	598	20
P00-201912	25	8000055	130915	SOKOLOVSK¡	17321	369	108020	3	39	123	5
P00-201912	25	8000054	130915	NOV¡KOV›CH	59265	1302	453370	3	39	434	15
P00-201912	25	8000053	130915	NOV¡KOV›CH	39474	790	199029	3	39	264	9
P00-201912	25	8000052	130915	NA éERTV¡CH	65759	1181	322302	3	39	394	14
P00-201912	25	8000051	130907	KOTLASKA	66203	1267	326702	3	39	423	15
P00-201912	25	8000050	130907	NA HR¡ZI	50022	1160	345125	3	39	387	13
P00-201912	25	8000049	130907	LUDMILINA	38388	709	186245	3	39	237	8
P00-201912	25	8000048	130907	ZENKLOVA	17635	476	112730	3	39	159	6
P00-201912	12	8000046	130907	N¡M. DR. V¡CLAVA HOL…HO	59335	1665	414818	3	39	555	19
P00-201912	25	8000045	130907	ZENKLOVA	48533	1089	320987	3	39	363	13
P00-201912	12	8000044	130907	KOéELUéSK¡	54672	1237	359161	3	39	413	14
P00-201912	3	8000043	130907	VOCT¡ÿOVA	54984	1318	1341280	3	39	440	15
P00-201912	3	8000042	316997	LIBE“SK› MOST	25334	714	597166	3	39	238	8
P00-201912	25	8000041	130915	SOKOLOVSK¡	9583	194	52733	3	39	65	3
P00-201912	23	8000040	316997	SOKOLOVSK¡	13752	410	78730	3	39	137	5
P00-201912	3	8000039	316989	U RUSTONKY	34099	1000	807270	3	39	334	12
P00-201912	25	8000038	130940	SOKOLOVSK¡	22481	393	84824	3	39	131	5
P00-201912	3	8000037	130940	U SLUNCOV…	68196	2157	1456428	3	39	719	24
P00-201912	3	8000036	130940	U SLUNCOV…	73325	1867	1812812	3	39	623	21
P00-201912	12	8000035	130958	MOL¡KOVA	88577	2088	652468	3	39	696	24
P00-201912	12	8000034	130958	ZA INVALIDOVNOU	184953	4100	947825	3	39	1367	46
P00-201912	16	8000033	130958	PERNEROVA	102110	1803	461761	3	39	601	21
P00-201912	16	8000032	130958	KÿIéÕKOVA	122875	2306	579979	3	39	769	26
P00-201912	12	8000031	130958	URXOVA	89706	1963	907373	3	39	655	22
P00-201912	29	8000029	130958	KÿIéÕKOVA	218928	4058	832683	3	39	1353	46
P00-201912	25	8000028	130958	SOKOLOVSK¡	35242	719	271340	3	39	240	8
P00-201912	12	8000027	130958	POBÿEéNÕ	76444	1440	530739	3	39	480	16
P00-201912	16	8000026	130958	TH¡MOVA	234126	4225	1024898	3	39	1409	47
P00-201912	12	8000025	130966	TH¡MOVA	168838	3346	1518293	3	39	1116	38
P00-201912	12	8000024	130966	POBÿEéNÕ	105003	2007	635194	3	39	669	23
P00-201912	16	8000023	130966	PERNEROVA	88690	1538	512790	3	39	513	18
P00-201912	29	8000022	130966	KÿIéÕKOVA	115948	2067	495947	3	39	689	23
P00-201912	23	8000021	130966	SOKOLOVSK¡	54050	1455	357455	3	39	485	17
P00-201912	12	8000020	130966	POBÿEéNÕ	97247	2118	666073	3	39	706	24
P00-201912	12	8000019	130966	KOLL¡ROVA	181149	4202	1341436	3	39	1401	47
P00-201912	25	8000018	130966	KÿIéÕKOVA	176465	3588	1017716	3	39	1196	40
P00-201912	25	8000017	130966	KARLÕNSK… N¡M.	72863	1539	441706	3	39	513	18
P00-201912	23	8000016	130966	KÿIéÕKOVA	46180	1169	268376	3	39	390	13
P00-201912	12	8000015	130966	SOKOLOVSK¡	14338	365	150607	3	39	122	5
P00-201912	12	8000014	130966	U N¡DRAéNÕ L¡VKY	83477	1751	614174	3	39	584	20
P00-201912	16	8000013	130966	VÕTKOVA	171874	2857	840831	3	39	953	32
P00-201912	25	8000012	130966	VÕTKOVA	99952	1968	773235	3	39	656	22
P00-201912	12	8000011	130966	VÕTKOVA	74419	1424	644869	3	39	475	16
P00-201912	16	8000010	130966	PERNEROVA	122439	2971	1071905	3	39	991	34
P00-201912	29	8000009	130966	KÿIéÕKOVA	152686	2416	745155	3	39	806	27
P00-201912	12	8000008	130966	SOKOLOVSK¡	25666	533	257943	3	39	178	6
P00-201912	29	8000007	130966	PRVNÕHO PLUKU	40852	625	180545	3	39	209	7
P00-201912	28	8000005	130966	KÿIéÕKOVA	19687	491	142230	3	39	164	6
P00-201912	29	8000004	130966	ZA POÿÕ»SKOU BR¡NOU	82717	1401	485071	3	39	467	16
P00-201912	29	8000003	130966	SOKOLOVSK¡	20332	381	137696	3	39	127	5
P00-201912	25	8000002	130982	POBÿEéNÕ	77983	1186	716200	3	39	396	14
P00-201912	12	8000001	130982	ROHANSK… N¡BÿEéÕ	68686	1280	492721	3	39	427	15
P00-201912	43	7000094	130249	éELEZNI»¡ÿŸ	26802	522	78902	3	23	174	6
P00-201912	43	7000093	130249	JABLONSK…HO	97192	1216	236970	3	23	406	14
P00-201912	43	7000092	130249	RAJSK¡	37738	636	156214	3	23	212	8
P00-201912	43	7000091	130249	U PAPÕRNY	72972	1136	145787	3	23	379	13
P00-201912	43	7000090	130249	U PAPÕRNY	23819	285	63523	3	23	95	4
P00-201912	43	7000089	130117	U PAPÕRNY	73357	1024	205386	3	23	342	12
P00-201912	44	7000088	130168	ZA ELEKTR¡RNOU	35918	857	407780	3	23	286	10
P00-201912	44	7000087	130125	VELETRéNÕ	120930	2877	820873	3	23	959	32
P00-201912	41	7000086	130125	STROJNICK¡	120238	1694	183246	3	23	565	19
P00-201912	44	7000085	130133	DUKELSK›CH HRDINŸ	71900	1493	525762	3	23	498	17
P00-201912	44	7000084	130133	DUKELSK›CH HRDINŸ	137851	2944	925591	3	23	982	33
P00-201912	44	7000083	130133	DUKELSK›CH HRDINŸ	47435	1102	311214	3	23	368	13
P00-201912	44	7000082	130125	DUKELSK›CH HRDINŸ	70675	1683	505440	3	23	561	19
P00-201912	44	7000081	130125	DUKELSK›CH HRDINŸ	31404	758	224770	3	23	253	9
P00-201912	41	7000080	130125	HEÿMANOVA	113693	1774	171877	3	23	592	20
P00-201912	41	7000079	130133	HEÿMANOVA	179157	2418	273150	3	23	806	27
P00-201912	44	7000078	130133	MILADY HOR¡KOV…	61431	1372	419932	3	23	458	16
P00-201912	44	7000077	130311	MILADY HOR¡KOV…	69523	1598	549391	3	23	533	18
P00-201912	44	7000076	130311	MILADY HOR¡KOV…	56913	1280	467673	3	23	427	15
P00-201912	44	7000075	130311	MILADY HOR¡KOV…	40164	926	275501	3	23	309	11
P00-201912	41	7000074	130311	KAMENICK¡	82759	1228	125272	3	23	410	14
P00-201912	44	7000073	130311	MILADY HOR¡KOV…	47316	1107	435063	3	23	369	13
P00-201912	44	7000072	130133	MILADY HOR¡KOV…	78943	1842	601146	3	23	614	21
P00-201912	44	7000071	130133	MILADY HOR¡KOV…	58252	1499	542997	3	23	500	17
P00-201912	44	7000070	130311	MILADY HOR¡KOV…	76203	1914	590712	3	23	638	22
P00-201912	44	7000069	130311	MILADY HOR¡KOV…	14619	390	132218	3	23	130	5
P00-201912	41	7000068	130141	LETENSK… N¡M.	51252	874	77466	3	23	292	10
P00-201912	41	7000067	130133	VELETRéNÕ	68485	889	103909	3	23	297	10
P00-201912	41	7000066	130133	KAMENICK¡	57887	809	88070	3	23	270	9
P00-201912	41	7000064	130141	U AKADEMIE	173634	2268	262642	3	23	756	26
P00-201912	41	7000063	130168	NAD KR¡LOVSKOU OBOROU	160850	2188	242767	3	23	730	25
P00-201912	41	7000062	130141	NAD KR¡LOVSKOU OBOROU	54823	799	83053	3	23	267	9
P00-201912	41	7000061	130141	U SPARTY	128136	1999	194250	3	23	667	23
P00-201912	19	7000060	305961	NA äPEJCHARU	27079	486	81783	3	23	162	6
P00-201912	41	7000059	130311	MUZEJNÕ	310935	4241	473085	3	23	1414	48
P00-201912	42	7000058	130311	KOSTELNÕ	491367	8471	1295360	3	23	2824	95
P00-201912	42	7000057	130311	KOSTELNÕ	365850	5524	1182673	3	23	1842	62
P00-201912	41	7000056	130320	KOSTELNÕ	258777	3263	391896	3	23	1088	37
P00-201912	41	7000055	130311	KOSTELNÕ	183012	2303	277728	3	23	768	26
P00-201912	41	7000054	130311	DUKELSK›CH HRDINŸ	23567	382	36044	3	23	128	5
P00-201912	44	7000053	130125	N¡Bÿ. KAPIT¡NA JAROäE	14826	312	154710	3	23	104	4
P00-201912	44	7000052	130125	NA OV»IN¡CH	240146	6247	1312039	3	23	2083	70
P00-201912	41	7000051	130125	STROSSMAYEROVO N¡M.	100190	1216	156224	3	23	406	14
P00-201911	41	7000050	130125	BUBENSK¡	746	14	1119	2	22	7	1
P00-201912	44	7000049	130125	BUBENSK¡	8092	190	113061	3	23	64	3
P00-201912	20	7000047	130303	OSTROV äTVANICE	14046	292	76822	3	23	98	4
P00-201912	20	7000046	130303	OSTROV äTVANICE	7103	183	24605	3	23	61	3
P00-201912	20	7000045	130265	U TOPÕREN	53900	1324	297482	3	23	442	15
P00-201912	41	7000044	130265	TUSAROVA	53794	882	81439	3	23	294	10
P00-201912	41	7000043	130265	OSADNÕ	137139	2264	208882	3	23	755	26
P00-201912	41	7000042	130265	DÃLNICK¡	256583	4169	393966	3	23	1390	47
P00-201912	41	7000041	130265	DÃLNICK¡	73816	1258	113453	3	23	420	14
P00-201912	41	7000040	130265	U PRŸHONU	174798	2410	269448	3	23	804	27
P00-201912	41	7000039	130257	POUPÃTOVA	34539	522	52661	3	23	174	6
P00-201912	41	7000038	130257	OSADNÕ	106307	1549	160751	3	23	517	18
P00-201912	41	7000037	130257	POUPÃTOVA	98895	1365	149477	3	23	455	16
P00-201912	44	7000036	130257	ORTENOVO N¡M.	44624	1079	492904	3	23	360	12
P00-201912	44	7000035	130281	KOMUNARDŸ	46448	1057	485534	3	23	353	12
P00-201912	44	7000034	130281	KOMUNARDŸ	53894	1242	447624	3	23	414	14
P00-201912	44	7000033	130257	KOMUNARDŸ	82400	1924	644921	3	23	642	22
P00-201912	41	7000032	130281	U PRŸHONU	216219	3134	328396	3	23	1045	35
P00-201912	44	7000031	130265	KOMUNARDŸ	38837	940	294192	3	23	314	11
P00-201912	44	7000030	130273	KOMUNARDŸ	39527	912	270544	3	23	304	11
P00-201912	44	7000029	130265	KOMUNARDŸ	58471	1405	541512	3	23	469	16
P00-201912	41	7000028	130265	TUSAROVA	137769	2489	209178	3	23	830	28
P00-201912	20	7000027	130290	JATE»NÕ	202323	4560	1133094	3	23	1520	51
P00-201912	41	7000026	130273	NA MANIN¡CH	132934	2001	201243	3	23	667	23
P00-201912	41	7000025	130290	V H¡JI	23390	419	35623	3	23	140	5
P00-201912	41	7000024	130290	V H¡JI	78429	1381	119096	3	23	461	16
P00-201912	41	7000023	130273	TUSAROVA	68489	1071	103422	3	23	357	12
P00-201912	41	7000022	130290	TUSAROVA	42877	615	65622	3	23	205	7
P00-201912	44	7000019	130281	JANKOVCOVA	47059	1086	359282	3	23	362	13
P00-201912	20	7000018	130281	JANKOVCOVA	226014	4459	1096313	3	23	1487	50
P00-201912	20	7000017	130281	JANKOVCOVA	114447	1729	406370	3	23	577	20
P00-201912	20	7000016	130281	JANKOVCOVA	154964	2868	505282	3	23	956	32
P00-201912	20	7000015	130281	PÿÕVOZNÕ	252055	4375	1175473	3	23	1459	49
P00-201912	20	7000014	130281	PÿÕVOZNÕ	120870	2389	462418	3	23	797	27
P00-201912	20	7000013	130281	JANKOVCOVA	48846	1221	230432	3	23	407	14
P00-201912	20	7000012	130257	JANKOVCOVA	14619	305	56947	3	23	102	4
P00-201912	44	7000011	130281	U PERGAMENKY	41604	950	393127	3	23	317	11
P00-201912	41	7000009	130257	ARGENTINSK¡	77954	1302	773254	3	23	434	15
P00-201912	19	7000008	130281	VRBENSK…HO	28314	581	87534	3	23	194	7
P00-201912	44	7000007	130249	VRBENSK…HO	18481	507	277642	3	23	169	6
P00-201912	44	7000006	130249	VRBENSK…HO	22643	688	295642	3	23	230	8
P00-201912	41	7000005	130249	POD DR¡HOU	7415	148	11334	3	23	50	2
P00-201912	19	7000004	130176	ZA ELEKTR¡RNOU	3336	60	10008	3	23	20	1
P00-201912	19	7000003	130176	ZA ELEKTR¡RNOU	9852	224	29558	3	23	75	3
P00-201912	19	7000002	130176	ZA ELEKTR¡RNOU	31828	730	95507	3	23	244	9
P00-201912	19	7000001	130176	ZA ELEKTR¡RNOU	76776	2212	230550	3	23	738	25
P00-201912	35	6000167	130087	»S. ARM¡DY	37026	970	145483	3	28	324	11
P00-201912	4	6000166	129411	LUéN¡	9095	458	82825	3	28	153	6
P00-201912	4	6000165	129411	V STÿEDU	17096	691	334423	3	28	231	8
P00-201912	4	6000164	129631	NA VYPICHU	14919	752	229747	3	28	251	9
P00-201912	4	6000163	129381	NA VYPICHU	11528	546	135323	3	28	182	7
P00-201912	4	6000162	129381	NA VYPICHU	22411	965	284468	3	28	322	11
P00-201912	4	6000161	129364	NA OKRAJI	38464	1359	718827	3	28	453	16
P00-201912	4	6000160	129411	LUéN¡	298	17	1788	3	28	6	1
P00-201912	4	6000159	129259	NA ROZDÕLU	39853	1861	468338	3	28	621	21
P00-201912	5	6000157	130109	NA Z¡TORCE	86231	1999	812379	3	40	667	23
P00-201912	5	6000156	130109	ROMAINA ROLLANDA	7573	206	93839	3	40	69	3
P00-201912	5	6000155	130109	ROMAINA ROLLANDA	23374	804	228083	3	40	268	9
P00-201912	5	6000154	130109	N¡M. POD KAäTANY	22546	597	388779	3	40	199	7
P00-201912	15	6000153	130079	LOTYäSK¡	14565	376	123660	3	40	126	5
P00-201912	5	6000152	130109	GOTTHARDSK¡	20478	644	313184	3	40	215	8
P00-201912	5	6000151	130109	KRUPKOVO N¡M.	17328	634	249504	3	40	212	8
P00-201912	15	6000150	130087	PUäKINOVO N¡M.	130343	2988	962325	3	40	996	34
P00-201912	15	6000149	130109	»ESKOMALÕNSK¡	67986	1502	519770	3	40	501	17
P00-201912	5	6000148	130079	»ESKOMALÕNSK¡	27957	858	309427	3	40	286	10
P00-201912	5	6000147	130079	HEINEHO	21189	473	168143	3	40	158	6
P00-201912	15	6000146	130109	SIBIÿSK… N¡M.	12777	338	109230	3	40	113	4
P00-201912	5	6000145	130109	PELL…OVA	38638	1016	353095	3	40	339	12
P00-201912	5	6000144	130109	RONALDA REAGANA	81665	2000	933192	3	40	667	23
P00-201912	15	6000143	130087	DR. ZIKMUNDA WINTRA	53700	1147	351211	3	40	383	13
P00-201912	15	6000142	130087	DR. ZIKMUNDA WINTRA	29290	788	212944	3	40	263	9
P00-201912	15	6000141	130087	DR. ZIKMUNDA WINTRA	31455	726	230570	3	40	242	9
P00-201912	15	6000140	130087	VERDUNSK¡	46545	1141	340866	3	40	381	13
P00-201912	5	6000139	130079	NA MARNÃ	54351	1324	519712	3	40	442	15
P00-201912	5	6000138	130079	MAœARSK¡	99650	2903	1037753	3	40	968	33
P00-201912	5	6000137	130079	MAœARSK¡	21522	897	162154	3	40	299	10
P00-201912	5	6000136	130079	ANTONÕNA »ERM¡KA	13395	651	122790	3	40	217	8
P00-201912	5	6000135	130079	BÿEZOVSK…HO	18091	549	226207	3	40	183	7
P00-201912	27	6000134	130087	VÕTÃZN… N¡M.	124527	3324	829349	3	40	1108	37
P00-201912	15	6000133	130087	N¡RODNÕ OBRANY	69552	1522	595250	3	40	508	17
P00-201912	15	6000132	130087	TERRONSK¡	42030	1025	316889	3	40	342	12
P00-201912	15	6000131	130079	TERRONSK¡	37640	994	260616	3	40	332	12
P00-201912	15	6000130	130079	TERRONSK¡	33723	946	301391	3	40	316	11
P00-201912	5	6000129	130079	JU¡REZOVA	7170	160	84084	3	40	54	2
P00-201912	5	6000128	130079	MAœARSK¡	25390	1036	298509	3	40	346	12
P00-201912	5	6000127	130079	VE STRUH¡CH	16897	511	202345	3	40	171	6
P00-201912	5	6000126	130079	VE STRUH¡CH	12095	357	158705	3	40	119	4
P00-201912	5	6000125	130079	VE STRUH¡CH	14035	386	163734	3	40	129	5
P00-201912	5	6000124	130061	PAPÕRENSK¡	9388	428	76717	3	40	143	5
P00-201912	5	6000123	130061	PAPÕRENSK¡	12015	632	98108	3	40	211	8
P00-201912	15	6000122	130079	TERRONSK¡	23780	606	262790	3	40	202	7
P00-201912	27	6000121	130079	JUGOSL¡VSK›CH PARTYZ¡NŸ	12291	243	67967	3	40	81	3
P00-201912	27	6000120	130079	JUGOSL¡VSK›CH PARTYZ¡NŸ	44605	1158	227256	3	40	386	13
P00-201912	27	6000119	130079	JUGOSL¡VSK›CH PARTYZ¡NŸ	13351	337	101899	3	40	113	4
P00-201912	27	6000118	130079	JUGOSL¡VSK›CH PARTYZ¡NŸ	99781	2168	634051	3	40	723	25
P00-201912	27	6000116	129500	JUGOSL¡VSK›CH PARTYZ¡NŸ	16402	396	90279	3	40	132	5
P00-201912	27	6000115	129500	JUGOSL¡VSK›CH PARTYZ¡NŸ	16963	497	92637	3	40	166	6
P00-201912	27	6000114	129500	JUGOSL¡VSK›CH PARTYZ¡NŸ	10949	262	48826	3	40	88	3
P00-201912	15	6000113	129500	KOULOVA	40764	742	513514	3	40	248	9
P00-201912	15	6000112	129551	PARL…ÿOVA	215870	3636	2218059	3	40	1212	41
P00-201912	27	6000111	129551	MYSLBEKOVA	22659	423	225760	3	40	141	5
P00-201912	15	6000110	129305	PARL…ÿOVA	58982	1324	603285	3	40	442	15
P00-201912	27	6000109	129305	BÃLOHORSK¡	14632	285	126588	3	40	95	4
P00-201912	14	6000108	129569	äLIKOVA	64020	1459	610566	3	40	487	17
P00-201912	26	6000107	129569	BÃLOHORSK¡	87421	1601	741712	3	40	534	18
P00-201912	26	6000106	129593	BÃLOHORSK¡	37160	742	252032	3	40	248	9
P00-201912	26	6000105	129585	BÃLOHORSK¡	73342	1436	509540	3	40	479	16
P00-201912	14	6000104	129593	äLIKOVA	101430	2179	790926	3	40	727	25
P00-201912	14	6000103	129585	POD MARJ¡NKOU	51253	1090	442554	3	40	364	13
P00-201912	26	6000102	129593	BÃLOHORSK¡	70198	1669	502026	3	40	557	19
P00-201912	26	6000101	129585	BÃLOHORSK¡	49524	1206	300609	3	40	402	14
P00-201912	26	6000100	129593	BÃLOHORSK¡	33829	812	221598	3	40	271	10
P00-201912	26	6000099	129585	BÃLOHORSK¡	20116	614	161034	3	40	205	7
P00-201912	26	6000098	129593	BÃLOHORSK¡	28904	788	166387	3	40	263	9
P00-201912	14	6000097	129585	ML¡DEéE	49574	1036	639766	3	40	346	12
P00-201912	26	6000096	129585	BÃLOHORSK¡	30731	840	189123	3	40	280	10
P00-201912	26	6000095	129593	BÃLOHORSK¡	45726	1133	299930	3	40	378	13
P00-201912	26	6000094	129585	BÃLOHORSK¡	40216	1056	242307	3	40	352	12
P00-201912	14	6000093	129585	POD MARJ¡NKOU	132867	4681	685016	3	40	1561	53
P00-201912	26	6000092	129593	BÃLOHORSK¡	45871	1026	308047	3	40	342	12
P00-201912	14	6000091	129585	BÃLOHORSK¡	24167	864	209263	3	40	288	10
P00-201912	26	6000090	129585	BÃLOHORSK¡	50125	1204	300494	3	40	402	14
P00-201912	26	6000089	129593	BÃLOHORSK¡	34011	889	211058	3	40	297	10
P00-201912	4	6000088	129381	NAD ALEJÕ	31223	1154	405533	3	40	385	13
P00-201912	4	6000087	129372	äANTROCHOVA	24514	1068	262177	3	40	356	12
P00-201912	14	6000086	129364	NA PETÿIN¡CH	42397	1491	391690	3	40	497	17
P00-201912	14	6000085	129364	PEäTUKOVA	90802	2476	733066	3	40	826	28
P00-201912	26	6000084	129381	BRUNCLÕKOVA	69101	1478	644249	3	40	493	17
P00-201912	26	6000083	129364	NA PETÿIN¡CH	23800	493	192907	3	40	165	6
P00-201912	14	6000082	129381	U PETÿIN	16246	397	118193	3	40	133	5
P00-201912	14	6000081	129381	NA SOUVRATI	18591	380	93070	3	40	127	5
P00-201912	5	6000080	129291	NA OÿECHOVCE	14853	572	188454	3	40	191	7
P00-201912	5	6000079	129291	DÃLOSTÿELECK¡	7987	242	143110	3	40	81	3
P00-201912	15	6000078	129534	GENER¡LA PÕKY	75227	2131	458181	3	40	711	24
P00-201912	15	6000077	129526	GENER¡LA PÕKY	80970	2231	516077	3	40	744	25
P00-201912	15	6000076	129526	SVATOVÕTSK¡	39182	997	232443	3	40	333	12
P00-201912	15	6000075	129526	BUZULUCK¡	87282	1619	760886	3	40	540	18
P00-201912	27	6000074	129518	VÕTÃZN… N¡M.	63201	971	489769	3	40	324	11
P00-201912	4	6000073	129283	VELVARSK¡	66625	1317	526242	3	40	439	15
P00-201912	15	6000072	129526	EVROPSK¡	44321	1055	416830	3	40	352	12
P00-201912	15	6000071	129526	EVROPSK¡	22812	522	160593	3	40	174	6
P00-201912	5	6000070	129518	KOLEJNÕ	76907	1825	591840	3	40	609	21
P00-201912	15	6000069	129518	ZIKOVA	80020	1510	608057	3	40	504	17
P00-201912	5	6000068	129518	TH¡KUROVA	60029	1417	566893	3	40	473	16
P00-201912	15	6000067	129518	TECHNICK¡	43024	952	268823	3	40	318	11
P00-201912	15	6000066	129518	TECHNICK¡	38700	904	255974	3	40	302	11
P00-201912	5	6000065	129518	TH¡KUROVA	119811	3306	1053145	3	40	1102	37
P00-201912	5	6000064	129518	KOLEJNÕ	53353	1587	364104	3	40	529	18
P00-201912	15	6000063	129518	STUDENTSK¡	71067	1726	370666	3	40	576	20
P00-201912	5	6000062	129518	FLEMINGOVO N¡M.	271686	7516	2367502	3	40	2506	84
P00-201912	5	6000061	129518	BÕL¡	15695	660	171555	3	40	220	8
P00-201912	15	6000060	129500	ZELEN¡	53374	1317	408417	3	40	439	15
P00-201912	5	6000059	129500	BOéKOVA	21388	854	250845	3	40	285	10
P00-201912	15	6000058	129500	ZELEN¡	43606	1179	286648	3	40	393	14
P00-201912	15	6000057	129500	ZELEN¡	20520	522	199456	3	40	174	6
P00-201912	5	6000056	129500	N¡M. NA SANTINCE	20853	875	218890	3	40	292	10
P00-201912	5	6000055	129500	äLEJNICK¡	34216	1065	475438	3	40	355	12
P00-201912	5	6000054	129500	ZENGROVA	7184	320	71515	3	40	107	4
P00-201912	5	6000053	129500	POD JULISKOU	37733	1415	523172	3	40	472	16
P00-201912	5	6000052	129500	POD JULISKOU	22375	843	273591	3	40	281	10
P00-201912	5	6000051	129500	NA JULISCE	16543	883	119429	3	40	295	10
P00-201912	4	6000050	129283	VELVARSK¡	18994	513	218650	3	40	171	6
P00-201912	4	6000049	129283	KANADSK¡	18365	570	148807	3	40	190	7
P00-201912	4	6000048	129283	VELVARSK¡	61509	1666	536419	3	40	556	19
P00-201912	4	6000047	129283	PROBOäTSK¡	7000	243	57445	3	40	81	3
P00-201912	4	6000046	129283	ZAVADILOVA	27822	1207	328934	3	40	403	14
P00-201912	14	6000045	129275	NA SEKYRCE	21660	455	114155	3	40	152	6
P00-201912	14	6000044	129275	VILÕMOVSK¡	10280	224	52491	3	40	75	3
P00-201912	14	6000043	129259	KLADENSK¡	50195	1194	446645	3	40	398	14
P00-201912	14	6000042	129259	NA DLOUH…M L¡NU	70080	2752	538272	3	40	918	31
P00-201912	14	6000041	129259	LIBERIJSK¡	54126	1229	584678	3	40	410	14
P00-201912	14	6000040	129259	KLADENSK¡	81340	1779	584753	3	40	593	20
P00-201912	4	6000039	129267	TOBRUCK¡	15203	470	311265	3	40	157	6
P00-201912	14	6000038	129267	ARABSK¡	44662	1030	554821	3	40	344	12
P00-201912	14	6000037	129259	NIGERIJSK¡	45419	1625	473614	3	40	542	19
P00-201912	14	6000036	129259	KLADENSK¡	80574	1845	893347	3	40	615	21
P00-201912	4	6000035	129259	KLADENSK¡	159143	4194	2170637	3	40	1398	47
P00-201912	14	6000034	129356	VELESLAVÕNSK¡	1736	38	29459	3	40	13	1
P00-201912	14	6000033	129356	VELESLAVÕNSK¡	11624	335	104333	3	40	112	4
P00-201912	14	6000032	129411	U VOKOVICK… äKOLY	49290	1079	419565	3	40	360	12
P00-201912	14	6000031	129411	K »ERVEN…MU VRCHU	3144	78	29343	3	40	26	1
P00-201912	5	6000030	130109	U VORLÕKŸ	33357	816	373317	3	40	272	10
P00-201912	27	6000029	129542	NA VALECH	38097	722	283344	3	40	241	9
P00-201912	27	6000028	305928	TYCHONOVA	19791	468	115342	3	40	156	6
P00-201912	15	6000027	129542	NA BAäTÃ SV. JIÿÕ	49720	1043	396323	3	40	348	12
P00-201912	15	6000026	129542	TYCHONOVA	68073	1062	494497	3	40	354	12
P00-201912	27	6000025	129542	NA VALECH	92028	1788	671356	3	40	596	20
P00-201912	27	6000024	305928	K BRUSCE	38518	763	250302	3	40	255	9
P00-201912	15	6000023	129542	K BRUSCE	338849	5675	2590476	3	40	1892	64
P00-201912	15	6000022	305936	NA VALECH	25429	539	157066	3	40	180	6
P00-201912	34	6000021	130095	SRBSK¡	77103	1365	431500	3	40	455	16
P00-201912	34	6000020	130087	JASELSK¡	39253	702	223764	3	40	234	8
P00-201912	34	6000019	130095	BUBENE»SK¡	43748	784	257449	3	40	262	9
P00-201912	34	6000018	130095	BUBENE»SK¡	31092	641	216153	3	40	214	8
P00-201912	34	6000017	130095	DEJVICK¡	39334	800	314312	3	40	267	9
P00-201912	34	6000016	129534	DEJVICK¡	76273	1431	514647	3	40	477	16
P00-201912	34	6000015	129534	V¡CLAVKOVA	58874	1111	303418	3	40	371	13
P00-201912	34	6000014	130095	V¡CLAVKOVA	162318	2479	724999	3	40	827	28
P00-201912	34	6000013	130095	DEJVICK¡	109283	2208	530301	3	40	736	25
P00-201912	34	6000012	130095	DEJVICK¡	92080	1658	482772	3	40	553	19
P00-201912	34	6000011	130087	DEJVICK¡	129623	2479	780778	3	40	827	28
P00-201912	34	6000010	130095	KAFKOVA	33716	708	169380	3	40	236	8
P00-201912	34	6000009	130087	N¡RODNÕ OBRANY	73563	1271	443483	3	40	424	15
P00-201912	34	6000008	130087	JILEMNICK…HO	22512	479	110353	3	40	160	6
P00-201912	34	6000007	130087	V. P. »KALOVA	89010	1575	493744	3	40	525	18
P00-201912	34	6000006	130087	N¡RODNÕ OBRANY	74240	1387	394923	3	40	463	16
P00-201912	34	6000005	130087	N¡RODNÕ OBRANY	74633	1555	423648	3	40	519	18
P00-201912	34	6000002	130087	»S. ARM¡DY	22574	485	122679	3	40	162	6
P00-201912	34	6000001	130087	N¡RODNÕ OBRANY	36414	715	200543	3	40	239	8
P00-201912	17	5000112	128945	ROENTGENOVA	164018	4561	1276069	3	28	1521	51
P00-201912	11	5000111	129151	LUMI…RŸ	16575	425	148428	3	28	142	5
P00-201912	11	5000110	129160	KÿÕéENECK…HO N¡M.	21421	615	220994	3	28	205	7
P00-201912	3	5000109	128686	K VODOJEMU	18675	1109	375248	3	28	370	13
P00-201912	3	5000108	128686	U SMÕCHOVSK…HO HÿBITOVA	32203	2219	486636	3	28	740	25
P00-201912	17	5000107	128686	U KLAVÕRKY	174740	5965	1589642	3	28	1989	67
P00-201912	3	5000106	128686	NAD SANTOäKOU	19359	504	476583	3	28	168	6
P00-201912	1	5000105	128937	PLZE“SK¡	52786	3439	650709	3	28	1147	39
P00-201912	3	5000104	128953	V ⁄VALU	79301	2804	1098179	3	28	935	32
P00-201912	3	5000103	128945	WEBEROVA	109572	3673	1608972	3	28	1225	41
P00-201912	3	5000102	128945	WEBEROVA	39858	1514	646481	3	28	505	17
P00-201912	3	5000101	128953	DEYLOVA	25706	813	592186	3	28	271	10
P00-201912	3	5000100	128953	BRDLÕKOVA	114509	4384	1516995	3	28	1462	49
P00-201912	17	5000099	128945	ROENTGENOVA	105484	2828	769181	3	28	943	32
P00-201912	17	5000098	128945	ROENTGENOVA	248336	6819	2592280	3	28	2273	76
P00-201912	23	5000097	129062	LIDICK¡	14845	389	134027	3	40	130	5
P00-201912	2	5000096	128821	N¡DRAéNÕ	6247	200	128550	3	40	67	3
P00-201912	2	5000095	128821	N¡DRAéNÕ	52898	1737	1550540	3	40	579	20
P00-201912	11	5000094	128821	N¡DRAéNÕ	57524	1910	834801	3	40	637	22
P00-201912	11	5000093	128694	POD BARVÕÿKOU	65416	1610	651514	3	40	537	18
P00-201912	24	5000092	128686	RADLICK¡	25139	414	129245	3	40	138	5
P00-201912	11	5000091	128694	NA NEKLANCE	41652	1082	405167	3	40	361	13
P00-201912	11	5000090	128694	NA LAUROV…	30511	791	346347	3	40	264	9
P00-201912	11	5000089	128694	PECHL¡TOVA	30493	853	284780	3	40	285	10
P00-201912	11	5000088	128821	N¡DRAéNÕ	34453	913	405448	3	40	305	11
P00-201912	11	5000087	129089	N¡DRAéNÕ	54445	1027	514904	3	40	343	12
P00-201912	11	5000086	128821	N¡DRAéNÕ	45802	1199	518626	3	40	400	14
P00-201912	12	5000085	129071	SVORNOSTI	97713	1555	601007	3	40	519	18
P00-201912	11	5000084	128821	N¡DRAéNÕ	112570	2521	1233288	3	40	841	29
P00-201912	11	5000083	128813	ZA éENSK›MI DOMOVY	69751	1525	749856	3	40	509	17
P00-201912	11	5000082	128813	NA SKALCE	79647	1658	698633	3	40	553	19
P00-201912	11	5000081	128813	NA BÿEZINCE	69807	1630	708265	3	40	544	19
P00-201912	11	5000080	128813	U NIKOLAJKY	158958	3984	1651654	3	40	1328	45
P00-201912	12	5000079	129071	SVORNOSTI	145382	2621	1407830	3	40	874	30
P00-201912	25	5000078	128813	OSTROVSK…HO	49473	1239	366838	3	40	413	14
P00-201912	23	5000077	129062	N¡DRAéNÕ	39168	1159	352970	3	40	387	13
P00-201912	25	5000076	128813	KLICPEROVA	48327	1005	401959	3	40	335	12
P00-201912	25	5000074	129062	SVORNOSTI	134559	2252	849273	3	40	751	26
P00-201912	25	5000073	129062	JINDÿICHA PLACHTY	132754	2314	964110	3	40	772	26
P00-201912	25	5000072	128813	BOZDÃCHOVA	38335	841	346037	3	40	281	10
P00-201912	12	5000071	128805	KOV¡KŸ	269180	4992	2243443	3	40	1664	56
P00-201912	12	5000070	129062	NA CELN…	50596	947	489082	3	40	316	11
P00-201912	25	5000069	129062	NA BÃLIDLE	97480	1648	923764	3	40	550	19
P00-201912	23	5000068	128805	RADLICK¡	55672	1541	400217	3	40	514	18
P00-201912	12	5000067	128791	KOV¡KŸ	191568	3300	1496153	3	40	1100	37
P00-201912	12	5000066	305871	N¡BÿEéNÕ	69716	1282	749934	3	40	428	15
P00-201912	25	5000065	305871	JAN¡»KOVO N¡Bÿ.	128787	2006	982318	3	40	669	23
P00-201912	25	5000064	129054	PRESLOVA	100700	2004	686900	3	40	668	23
P00-201912	25	5000063	129054	LESNICK¡	69659	1150	396126	3	40	384	13
P00-201912	25	5000062	129054	N¡M. 14. ÿÕJNA	156452	3093	1088830	3	40	1031	35
P00-201912	25	5000061	129046	äTEF¡NIKOVA	36638	1055	287037	3	40	352	12
P00-201912	25	5000060	129054	DIENZENHOFEROVY SADY	137808	2385	998005	3	40	795	27
P00-201912	25	5000059	129054	MATOUäOVA	118500	2603	650327	3	40	868	29
P00-201912	12	5000058	128791	PLZE“SK¡	8010	172	92467	3	40	58	2
P00-201912	12	5000057	128791	MOZARTOVA	30479	709	357514	3	40	237	8
P00-201912	12	5000056	128791	TOM¡äKOVA	45117	762	549853	3	40	254	9
P00-201912	12	5000055	128791	GRAFICK¡	41269	849	447387	3	40	283	10
P00-201912	12	5000054	129020	HOLE»KOVA	48158	722	666822	3	40	241	9
P00-201912	12	5000053	129011	äV…DSK¡	59185	1216	444951	3	40	406	14
P00-201912	12	5000052	128791	HOLE»KOVA	60567	759	374073	3	40	253	9
P00-201912	12	5000051	128791	GRAFICK¡	92174	1834	726482	3	40	612	21
P00-201912	12	5000050	128783	DUäKOVA	11661	314	154403	3	40	105	4
P00-201912	11	5000049	128783	BROéÕKOVA	17901	505	218222	3	40	169	6
P00-201912	11	5000048	128783	STAROKOäÕÿSK¡	51888	1112	706957	3	40	371	13
P00-201912	11	5000047	128783	HOLE»KOVA	45312	963	534475	3	40	321	11
P00-201912	11	5000046	128783	HLAV¡»KOVA	35151	816	226779	3	40	272	10
P00-201912	24	5000045	128783	VRCHLICK…HO	15382	285	130517	3	40	95	4
P00-201912	24	5000044	129003	PLZE“SK¡	36976	1036	336882	3	40	346	12
P00-201912	24	5000043	128775	VRCHLICK…HO	29301	825	198908	3	40	275	10
P00-201912	24	5000042	128775	PLZE“SK¡	31473	848	235823	3	40	283	10
P00-201912	11	5000041	128775	U KAVALÕRKY	54671	1215	729033	3	40	405	14
P00-201912	11	5000040	129003	PLZE“SK¡	52486	1577	538144	3	40	526	18
P00-201912	11	5000039	128775	KOäÕÿSK… N¡M.	22207	724	150645	3	40	242	9
P00-201912	11	5000038	128775	NEPOMUCK¡	22449	625	227979	3	40	209	7
P00-201912	25	5000037	305871	N¡BÿEéNÕ	67118	1072	496482	3	40	358	12
P00-201912	25	5000036	129054	V BOTANICE	61208	1244	310325	3	40	415	14
P00-201912	25	5000035	129054	äTEF¡NIKOVA	45273	982	269271	3	40	328	11
P00-201912	25	5000034	129046	DRTINOVA	86829	1658	395389	3	40	553	19
P00-201912	25	5000033	129046	VIKTORA HUGA	21204	473	123372	3	40	158	6
P00-201912	25	5000032	305871	JAN¡»KOVO N¡Bÿ.	106624	1541	985308	3	40	514	18
P00-201912	25	5000031	129054	ZBOROVSK¡	47952	674	374637	3	40	225	8
P00-201912	25	5000030	129054	KOÿENSK…HO	46311	852	316126	3	40	284	10
P00-201912	25	5000029	129054	ARBESOVO N¡M.	108059	2165	741140	3	40	722	25
P00-201912	25	5000028	129054	PAVLA äVANDY ZE SEM»IC	56597	1083	371295	3	40	361	13
P00-201912	25	5000027	129054	ARBESOVO N¡M.	91130	1880	617406	3	40	627	21
P00-201912	25	5000026	129046	DRTINOVA	129572	2206	526455	3	40	736	25
P00-201912	25	5000025	305871	JAN¡»KOVO N¡Bÿ.	100257	1651	962191	3	40	551	19
P00-201912	25	5000023	129054	ZBOROVSK¡	43179	786	417607	3	40	262	9
P00-201912	25	5000022	129054	MAL¡TOVA	89541	1591	453683	3	40	531	18
P00-201912	25	5000021	129054	äTEF¡NIKOVA	67924	1489	363329	3	40	497	17
P00-201912	25	5000020	129046	ZUBAT…HO	105074	1475	818016	3	40	492	17
P00-201912	25	5000019	129054	VODNÕ	126029	1784	979543	3	40	595	20
P00-201912	25	5000018	129054	äTEF¡NIKOVA	27417	470	218312	3	40	157	6
P00-201912	25	5000017	129046	äTEF¡NIKOVA	34074	912	258450	3	40	304	11
P00-201912	25	5000016	129046	KROFTOVA	20920	364	138343	3	40	122	5
P00-201912	25	5000015	129046	DRTINOVA	141172	1939	1003470	3	40	647	22
P00-201912	25	5000014	129020	HOLE»KOVA	57086	883	526697	3	40	295	10
P00-201912	25	5000013	305871	JAN¡»KOVO N¡Bÿ.	105522	1651	989079	3	40	551	19
P00-201912	25	5000012	129054	ZBOROVSK¡	95075	1365	743596	3	40	455	16
P00-201912	25	5000011	129054	ZBOROVSK¡	18761	322	201354	3	40	108	4
P00-201912	25	5000010	129054	N¡M. KINSK›CH	148433	2603	1315988	3	40	868	29
P00-201912	25	5000009	129054	PETÿÕNSK¡	150003	1981	1192240	3	40	661	23
P00-201912	25	5000008	129038	N¡M. KINSK›CH	81316	1344	694929	3	40	448	15
P00-201912	25	5000007	129038	JAN¡»KOVO N¡Bÿ.	113633	1886	998375	3	40	629	21
P00-201912	25	5000006	129038	ZBOROVSK¡	98562	1609	787436	3	40	537	18
P00-201912	25	5000005	129038	MÃLNICK¡	105843	1307	886129	3	40	436	15
P00-201912	25	5000004	129038	⁄JEZD	61343	946	499710	3	40	316	11
P00-201912	25	5000003	129038	PLASK¡	75952	1075	603045	3	40	359	12
P00-201912	25	5000002	129038	VÕTÃZN¡	223300	3457	1915953	3	40	1153	39
P00-201912	25	5000001	129038	VÕTÃZN¡	58879	978	522099	3	40	326	11
P00-201912	31	3000123	127574	N¡M. WINSTONA CHURCHILLA	317348	4845	1018227	3	23	1615	54
P00-201912	31	3000122	127574	U RAJSK… ZAHRADY	123920	1855	492696	3	23	619	21
P00-201912	31	3000121	127574	U RAJSK… ZAHRADY	89843	1416	464654	3	23	472	16
P00-201912	39	3000120	127558	SLAVÕKOVA	82518	1306	405398	3	23	436	15
P00-201912	31	3000119	127574	KR¡SOVA	47562	792	225886	3	23	264	9
P00-201912	31	3000118	127566	VLKOVA	85892	1271	405651	3	23	424	15
P00-201912	31	3000117	127566	VLKOVA	88601	1393	426400	3	23	465	16
P00-201912	31	3000116	127558	KUBELÕKOVA	70528	1280	393850	3	23	427	15
P00-201912	39	3000115	127566	KUBELÕKOVA	78304	1138	383814	3	23	380	13
P00-201912	31	3000114	127558	FIBICHOVA	96311	1586	611246	3	23	529	18
P00-201912	31	3000113	127558	FIBICHOVA	123908	2057	674028	3	23	686	23
P00-201912	31	3000112	127558	ONDÿÕ»KOVA	60820	1197	316033	3	23	399	14
P00-201912	31	3000111	127558	ONDÿÕ»KOVA	96259	1909	579672	3	23	637	22
P00-201912	31	3000110	127531	ONDÿÕ»KOVA	40309	621	183821	3	23	207	7
P00-201912	31	3000109	127531	éIéKOVO N¡M.	106418	1887	577359	3	23	629	21
P00-201912	31	3000108	127493	JI»ÕNSK¡	63974	1242	327342	3	23	414	14
P00-201912	31	3000107	127493	JI»ÕNSK¡	85685	1300	479000	3	23	434	15
P00-201912	31	3000106	127540	LUCEMBURSK¡	138208	2547	716410	3	23	849	29
P00-201912	39	3000105	127540	N¡M. JIÿÕHO Z PODÃBRAD	62063	1172	363143	3	23	391	14
P00-201912	39	3000104	127523	VINOHRADSK¡	77740	1400	399265	3	23	467	16
P00-201912	39	3000103	127523	VINOHRADSK¡	115925	2091	519242	3	23	697	24
P00-201912	39	3000102	127523	VINOHRADSK¡	67170	1172	293349	3	23	391	14
P00-201912	39	3000101	127540	VINOHRADSK¡	81313	1447	353340	3	23	483	17
P00-201912	39	3000100	127540	VINOHRADSK¡	74511	1466	387356	3	23	489	17
P00-201912	39	3000099	127523	VINOHRADSK¡	49325	901	226859	3	23	301	11
P00-201912	39	3000098	127540	RADHOäçSK¡	73303	1464	323301	3	23	488	17
P00-201912	39	3000097	127515	CHRUDIMSK¡	84763	1662	464060	3	23	554	19
P00-201912	39	3000096	127515	VINOHRADSK¡	84966	1667	463797	3	23	556	19
P00-201912	39	3000095	127515	VINOHRADSK¡	76926	1538	316187	3	23	513	18
P00-201912	39	3000094	127493	VINOHRADSK¡	243015	5222	1141211	3	23	1741	59
P00-201912	39	3000093	127515	VINOHRADSK¡	40147	814	152864	3	23	272	10
P00-201912	39	3000092	127493	VINOHRADSK¡	203023	4468	1087356	3	23	1490	50
P00-201912	39	3000090	127523	KORUNNÕ	52905	987	201318	3	23	329	11
P00-201912	31	3000089	127515	äROB¡ROVA	139442	2299	663932	3	23	767	26
P00-201912	10	3000088	127507	äROB¡ROVA	120517	4141	900832	3	23	1381	47
P00-201912	10	3000087	127507	U VINOHRADSK…HO HÿBITOVA	69883	2498	390058	3	23	833	28
P00-201912	10	3000086	127507	HOLLAROVO N¡M.	149492	4558	996680	3	23	1520	51
P00-201912	31	3000085	127370	OLäANSK¡	90330	2278	340167	3	23	760	26
P00-201912	31	3000084	127370	OLäANSK¡	56894	1431	198546	3	23	477	16
P00-201912	31	3000083	127370	OLäANSK¡	111581	3209	293669	3	23	1070	36
P00-201912	31	3000082	127370	OLäANSK¡	89983	1766	251945	3	23	589	20
P00-201912	31	3000081	127370	OLäANSK¡	41433	842	218265	3	23	281	10
P00-201912	31	3000080	127370	OLäANSK¡	64853	1677	177523	3	23	559	19
P00-201912	31	3000079	127370	OLäANSK¡	23087	579	63566	3	23	193	7
P00-201912	31	3000078	127370	OLäANSK¡	84499	1747	246687	3	23	583	20
P00-201912	31	3000077	127370	OLäANSK¡	45353	745	173944	3	23	249	9
P00-201912	31	3000076	127493	OLäANSK¡	67765	1223	383726	3	23	408	14
P00-201912	31	3000075	127370	SAUEROVA	7915	170	26305	3	23	57	2
P00-201912	31	3000074	127370	CHEL»ICK…HO	32464	782	166592	3	23	261	9
P00-201912	31	3000073	127388	CHEL»ICK…HO	138516	2146	778422	3	23	716	24
P00-201912	39	3000072	127388	T¡BORITSK¡	44217	721	256892	3	23	241	9
P00-201912	39	3000071	127388	SEIFERTOVA	76277	1261	403857	3	23	421	15
P00-201912	39	3000070	127388	MILÕ»OVA	61717	1042	280348	3	23	348	12
P00-201912	39	3000069	127582	SEIFERTOVA	118907	1644	556809	3	23	548	19
P00-201912	31	3000068	127574	SEIFERTOVA	77469	1336	480478	3	23	446	15
P00-201912	31	3000067	127582	HUSINECK¡	40342	658	204981	3	23	220	8
P00-201912	31	3000066	127582	HUSINECK¡	37091	656	208587	3	23	219	8
P00-201912	39	3000065	127582	HUSITSK¡	26844	469	181986	3	23	157	6
P00-201912	39	3000064	127582	HUSITSK¡	33615	585	174096	3	23	195	7
P00-201912	31	3000063	127582	KOSTNICK… N¡M.	145131	2311	909257	3	23	771	26
P00-201912	39	3000062	127388	HAVLÕ»KOVO N¡M.	73040	1264	357171	3	23	422	15
P00-201912	39	3000061	127388	PROKOPOVA	77147	1259	340975	3	23	420	14
P00-201912	39	3000060	127396	PROKOPOVA	35542	605	171689	3	23	202	7
P00-201912	39	3000059	127396	PROKOPOVA	121627	1713	572299	3	23	571	20
P00-201912	39	3000058	127396	KONÃVOVA	43887	816	219865	3	23	272	10
P00-201912	39	3000057	127396	KONÃVOVA	49384	830	225878	3	23	277	10
P00-201912	39	3000056	127396	KONÃVOVA	51593	915	254147	3	23	305	11
P00-201912	39	3000055	127396	KONÃVOVA	31660	612	178426	3	23	204	7
P00-201912	39	3000054	127396	KONÃVOVA	55745	864	234196	3	23	288	10
P00-201912	39	3000053	127396	KONÃVOVA	20523	330	117277	3	23	110	4
P00-201912	39	3000052	127396	KONÃVOVA	4405	64	13667	3	23	22	1
P00-201912	39	3000051	127396	ROH¡»OVA	68944	1047	285530	3	23	349	12
P00-201912	39	3000050	127418	ROH¡»OVA	95788	1591	412425	3	23	531	18
P00-201912	39	3000049	127370	JESENIOVA	145703	2123	635382	3	23	708	24
P00-201912	39	3000048	127370	V KAPSLOVNÃ	113088	1741	424791	3	23	581	20
P00-201912	31	3000047	127418	NA PARUK¡ÿCE	23801	404	85435	3	23	135	5
P00-201912	31	3000046	127418	JESENIOVA	19395	319	80135	3	23	107	4
P00-201912	39	3000045	127418	KONÃVOVA	45174	651	178504	3	23	217	8
P00-201912	39	3000044	127418	KONÃVOVA	43496	872	192198	3	23	291	10
P00-201912	39	3000043	127418	KONÃVOVA	43655	889	190313	3	23	297	10
P00-201912	39	3000042	127418	KONÃVOVA	48334	918	201796	3	23	306	11
P00-201912	31	3000041	127400	KONÃVOVA	127637	2388	814297	3	23	796	27
P00-201912	18	3000040	127337	KONÃVOVA	37605	974	426098	3	23	325	11
P00-201912	18	3000039	127337	KONÃVOVA	47995	1083	365385	3	23	361	13
P00-201912	18	3000038	127337	VIKLEFOVA	39677	1033	417269	3	23	345	12
P00-201912	18	3000037	127426	KONÃVOVA	28471	746	256082	3	23	249	9
P00-201912	18	3000036	127426	NAD OHRADOU	14493	363	105579	3	23	121	5
P00-201912	9	3000035	127426	NAD OHRADOU	62179	1412	510414	3	23	471	16
P00-201912	9	3000034	127426	NA BALK¡NÃ	24923	717	199142	3	23	239	8
P00-201912	9	3000033	127426	ZA éIéKOVSKOU VOZOVNOU	36655	718	309462	3	23	240	8
P00-201912	9	3000032	127345	JESENIOVA	55892	1443	510867	3	23	481	17
P00-201912	9	3000031	127345	JESENIOVA	26353	604	206722	3	23	202	7
P00-201912	18	3000030	127345	KONÃVOVA	61678	989	475200	3	23	330	11
P00-201912	18	3000029	127426	KONÃVOVA	18024	446	151450	3	23	149	5
P00-201912	18	3000028	127345	KONÃVOVA	20835	488	180227	3	23	163	6
P00-201912	18	3000027	127426	KONÃVOVA	13709	359	110091	3	23	120	4
P00-201912	18	3000026	127345	KONÃVOVA	19976	589	166381	3	23	197	7
P00-201912	18	3000025	127426	KONÃVOVA	12609	348	81335	3	23	116	4
P00-201912	18	3000024	127345	STR¡éNÕ	36680	980	256688	3	23	327	11
P00-201912	9	3000023	127426	V DOMOVÃ	13539	345	143170	3	28	115	4
P00-201912	9	3000022	127426	NA BALK¡NÃ	20621	847	158447	3	28	283	10
P00-201912	9	3000021	127469	V ZELENI	12035	364	136765	3	40	122	5
P00-201912	9	3000020	127442	K LU»IN¡M	16549	410	197802	3	40	137	5
P00-201912	9	3000019	127442	NA BALK¡NÃ	6336	181	98920	3	40	61	3
P00-201912	9	3000018	127426	NA BALK¡NÃ	6197	169	79047	3	40	57	2
P00-201912	9	3000017	127345	KONÃVOVA	54302	1530	425002	3	40	510	17
P00-201912	18	3000016	127426	KONÃVOVA	61477	2350	366528	3	40	784	27
P00-201912	9	3000015	127353	V ZAHR¡DK¡CH	28908	765	269964	3	40	255	9
P00-201912	18	3000014	127353	KONÃVOVA	46638	1228	394364	3	40	410	14
P00-201912	9	3000013	127353	NA JAROVÃ	15957	464	180812	3	40	155	6
P00-201912	9	3000012	127442	KONÃVOVA	24842	1011	199796	3	40	337	12
P00-201912	9	3000011	127442	LU»NÕ	44291	1457	381516	3	40	486	17
P00-201912	9	3000010	127442	U KNÃéSK… LOUKY	11102	333	158353	3	40	111	4
P00-201912	9	3000009	127451	OSIKOV¡	47674	1567	453403	3	40	523	18
P00-201912	9	3000008	127451	POD LIPAMI	37414	965	520070	3	40	322	11
P00-201912	9	3000007	127451	HABROV¡	4452	194	55313	3	40	65	3
P00-201912	9	3000006	127469	NA JAROVÃ	14221	532	159682	3	40	178	6
P00-201912	9	3000005	127469	MEZI DOMKY	9310	239	125096	3	40	80	3
P00-201912	9	3000004	315761	NA VIKTORCE	3555	54	48861	3	40	18	1
P00-201912	9	3000003	127485	U N¡KLADOV…HO N¡DRAéÕ	27229	564	127814	3	40	188	7
P00-201912	9	3000002	127493	U N¡KLADOV…HO N¡DRAéÕ	37649	2325	721603	3	40	775	26
P00-201912	9	3000001	127493	U N¡KLADOV…HO N¡DRAéÕ	61351	2970	1193883	3	40	990	33
P00-201912	25	2000125	127221	äPANÃLSK¡	85095	1451	799838	3	27	484	17
P00-201912	25	2000124	127213	äPANÃLSK¡	62548	899	404539	3	27	300	10
P00-201912	25	2000123	127221	KUNÃTICK¡	33960	550	128027	3	27	184	7
P00-201912	25	2000122	127221	LICHNICK¡	13456	226	35758	3	27	76	3
P00-201912	25	2000121	127221	HEL…NSK¡	150249	3799	606703	3	27	1267	43
P00-201912	25	2000120	127230	ITALSK¡	58631	959	264598	3	27	320	11
P00-201912	25	2000119	127230	ITALSK¡	116842	2326	720608	3	27	776	26
P00-201912	37	2000118	127221	ITALSK¡	125342	1904	690578	3	27	635	22
P00-201912	30	2000117	127230	POLSK¡	245615	3881	1237965	3	27	1294	44
P00-201912	30	2000116	127230	POLSK¡	155025	2691	812354	3	27	897	30
P00-201912	30	2000115	127230	POLSK¡	119336	1904	638701	3	27	635	22
P00-201912	37	2000114	127248	SLAVÕKOVA	82487	1236	481353	3	27	412	14
P00-201912	37	2000113	127248	SLAVÕKOVA	69685	1152	381789	3	27	384	13
P00-201912	37	2000112	127248	N¡M. JIÿÕHO Z PODÃBRAD	13993	294	88369	3	27	98	4
P00-201912	25	2000111	127256	VINOHRADSK¡	127327	2129	858162	3	27	710	24
P00-201912	25	2000110	127256	VINOHRADSK¡	135018	2477	957646	3	27	826	28
P00-201912	37	2000109	127167	VINOHRADSK¡	95772	1672	791768	3	27	558	19
P00-201912	37	2000108	127221	ANNY LETENSK…	38036	580	297646	3	27	194	7
P00-201912	37	2000107	127205	VINOHRADSK¡	3858	65	29143	3	27	22	1
P00-201912	37	2000106	127205	VINOHRADSK¡	69070	1193	614655	3	27	398	14
P00-201912	37	2000105	127205	äKR…TOVA	64748	1703	1474781	3	27	568	19
P00-201912	37	2000104	127205	ANGLICK¡	41043	628	382790	3	27	210	7
P00-201912	25	2000103	127256	VINOHRADSK¡	102526	2068	617285	3	27	690	23
P00-201912	37	2000102	127167	N¡M. MÕRU	234643	4203	1701465	3	27	1401	47
P00-201912	37	2000101	127167	IBSENOVA	144211	2503	940856	3	27	835	28
P00-201912	37	2000100	127167	äUBERTOVA	108736	1842	800232	3	27	614	21
P00-201912	37	2000099	127167	SLEZSK¡	255281	4352	1661675	3	27	1451	49
P00-201912	37	2000098	127256	U TRéNICE	143802	2618	815163	3	27	873	30
P00-201912	25	2000097	127256	SLEZSK¡	160520	2851	1080104	3	27	951	32
P00-201912	25	2000096	127256	SADY SVATOPLUKA »ECHA	175808	3216	1240278	3	27	1072	36
P00-201912	38	2000095	127256	KORUNNÕ	28912	489	98789	3	27	163	6
P00-201912	38	2000094	127256	KORUNNÕ	50930	842	157200	3	27	281	10
P00-201912	38	2000093	127256	KORUNNÕ	38822	599	129888	3	27	200	7
P00-201912	38	2000092	127167	KORUNNÕ	62259	1078	251081	3	27	360	12
P00-201912	37	2000091	127167	KORUNNÕ	83341	1427	595076	3	27	476	16
P00-201912	37	2000090	127167	KORUNNÕ	161913	2724	1072958	3	27	908	31
P00-201912	38	2000089	127167	MORAVSK¡	47890	713	145062	3	27	238	8
P00-201912	38	2000088	127256	MORAVSK¡	42974	724	126931	3	27	242	9
P00-201912	30	2000087	127256	DYKOVA	136022	2420	434753	3	27	807	27
P00-201912	38	2000086	127256	äUMAVSK¡	87275	1316	307508	3	27	439	15
P00-201912	38	2000085	127167	BUDE»SK¡	106173	1678	332785	3	27	560	19
P00-201912	30	2000084	127256	äUMAVSK¡	43221	763	152224	3	27	255	9
P00-201912	30	2000083	127256	SLOVENSK¡	43425	619	105993	3	27	207	7
P00-201912	30	2000082	127272	NA KOZA»CE	170446	2679	557196	3	27	893	30
P00-201912	38	2000081	127175	AMERICK¡	146192	2160	525897	3	27	720	24
P00-201912	37	2000080	127175	Z¡HÿEBSK¡	49762	750	164364	3	27	250	9
P00-201912	37	2000079	127205	JUGOSL¡VSK¡	78966	1394	623266	3	27	465	16
P00-201912	37	2000078	127175	JUGOSL¡VSK¡	32151	611	257865	3	27	204	7
P00-201912	37	2000077	127175	BRUSELSK¡	101335	1615	693494	3	27	539	18
P00-201912	37	2000076	127175	äAFAÿÕKOVA	114255	1913	678812	3	27	638	22
P00-201912	37	2000075	127272	PERUCK¡	12892	197	52651	3	27	66	3
P00-201912	37	2000074	127272	POD NUSELSK›MI SCHODY	84690	1359	517554	3	27	453	16
P00-201912	37	2000073	127272	BÃLEHRADSK¡	18608	338	131581	3	27	113	4
P00-201912	37	2000072	127175	BÃLEHRADSK¡	42737	858	260846	3	27	286	10
P00-201912	37	2000071	127175	BÃLEHRADSK¡	35349	699	250230	3	27	233	8
P00-201912	37	2000070	127175	BÃLEHRADSK¡	107299	1951	739003	3	27	651	22
P00-201912	37	2000069	127175	TYLOVO N¡M.	100972	1540	664022	3	27	514	18
P00-201912	37	2000068	305774	TYRäOVA	119014	1313	729628	3	27	438	15
P00-201912	25	2000067	305774	WENZIGOVA	109899	1809	740113	3	27	603	21
P00-201912	25	2000066	127272	LEGEROVA	32966	525	262444	3	27	175	6
P00-201912	25	2000065	305774	LEGEROVA	111956	1901	886667	3	27	634	22
P00-201912	37	2000064	305774	N¡M. I. P. PAVLOVA	72876	1251	489875	3	27	417	14
P00-201912	37	2000063	305774	N¡M. I. P. PAVLOVA	86447	1294	576813	3	27	432	15
P00-201912	37	2000062	127191	éITN¡	25956	407	193035	3	27	136	5
P00-201912	37	2000061	127191	éITN¡	39535	624	351267	3	27	208	7
P00-201912	37	2000060	127191	äTÃP¡NSK¡	61929	992	405426	3	27	331	12
P00-201912	37	2000059	127183	LAZARSK¡	63154	874	434034	3	27	292	10
P00-201912	37	2000058	127183	KARLOVO N¡M.	165259	2576	1183911	3	27	859	29
P00-201912	37	2000057	127191	KARLOVO N¡M.	301432	5038	1876993	3	27	1680	56
P00-201912	37	2000056	127183	KARLOVO N¡M.	657616	10819	3884902	3	27	3607	121
P00-201912	37	2000055	127183	KARLOVO N¡M.	1033926	16016	6130300	3	27	5339	178
P00-201912	37	2000054	127183	KARLOVO N¡M.	650131	10126	4072854	3	27	3376	113
P00-201912	48	2000053	127183	KARLOVO N¡M.	408759	6409	1335133	3	27	2137	72
P00-201912	48	2000052	127183	KARLOVO N¡M.	479382	8056	1544131	3	27	2686	90
P00-201912	48	2000051	127183	U NEMOCNICE	518856	8643	1473732	3	27	2881	97
P00-201912	48	2000050	127183	U NEMOCNICE	176262	2609	525038	3	27	870	29
P00-201912	37	2000049	127191	LÕPOV¡	95931	1414	358653	3	27	472	16
P00-201912	37	2000048	127191	KATEÿINSK¡	119135	1995	387283	3	27	665	23
P00-201912	37	2000047	127191	KATEÿINSK¡	158167	2350	1041437	3	27	784	27
P00-201912	25	2000046	127183	BEN¡TSK¡	84353	1448	328543	3	27	483	17
P00-201912	25	2000045	127183	VINI»N¡	151053	2618	784798	3	27	873	30
P00-201912	25	2000044	127183	VINI»N¡	147033	2645	711146	3	27	882	30
P00-201912	25	2000043	127183	APOLIN¡ÿSK¡	59031	1284	204677	3	27	428	15
P00-201912	25	2000042	127183	APOLIN¡ÿSK¡	304293	6249	1506285	3	27	2083	70
P00-201912	25	2000041	127183	KE KARLOVU	230531	4468	1344636	3	27	1490	50
P00-201912	25	2000040	127183	WENZIGOVA	210546	4010	1102657	3	27	1337	45
P00-201912	25	2000039	127183	KE KARLOVU	126783	2608	475164	3	27	870	29
P00-201912	25	2000038	127183	BOéENY NÃMCOV…	129831	2199	447805	3	27	733	25
P00-201912	37	2000037	305774	BOéENY NÃMCOV…	194025	2542	1343733	3	27	848	29
P00-201912	25	2000036	127183	HORSK¡	11323	220	86639	3	27	74	3
P00-201912	8	2000035	127183	KOR»¡KOVA	65880	1868	968464	3	27	623	21
P00-201912	8	2000034	127183	STUDNI»KOVA	41309	1004	814195	3	27	335	12
P00-201912	8	2000033	127183	HLAVOVA	23748	627	360238	3	27	209	7
P00-201912	8	2000032	127183	ALBERTOV	51689	1352	891505	3	27	451	16
P00-201912	8	2000031	127183	ALBERTOV	189974	5088	3661585	3	27	1696	57
P00-201912	25	2000030	127299	SEKANINOVA	19536	294	95961	3	27	98	4
P00-201912	25	2000029	127299	SEKANINOVA	35555	795	192399	3	27	265	9
P00-201912	25	2000028	127299	SEKANINOVA	16048	321	140652	3	27	107	4
P00-201912	25	2000027	127299	NUSELSK› MOST	69844	1146	381621	3	27	382	13
P00-201912	25	2000026	127299	NUSELSK› MOST	93469	1322	572128	3	27	441	15
P00-201912	37	2000025	127299	JAROMÕROVA	28449	574	201760	3	27	192	7
P00-201912	37	2000024	127299	JAROMÕROVA	34347	697	201824	3	27	233	8
P00-201912	37	2000023	127299	JAROMÕROVA	29029	458	165164	3	27	153	6
P00-201912	37	2000022	127299	JAROMÕROVA	23857	441	142078	3	27	147	5
P00-201912	37	2000021	127299	JAROMÕROVA	19726	403	125327	3	27	135	5
P00-201912	37	2000020	127299	JAROMÕROVA	14732	339	103055	3	27	113	4
P00-201912	25	2000019	127299	SEKANINOVA	150101	2115	995275	3	27	705	24
P00-201912	37	2000018	127302	V PEVNOSTI	48578	1155	775615	3	27	385	13
P00-201912	37	2000017	127299	SLAVOJOVA	55311	904	286210	3	27	302	11
P00-201912	25	2000016	127302	NEKLANOVA	99003	1150	807258	3	27	384	13
P00-201912	37	2000015	127302	VRATISLAVOVA	178159	3163	1017248	3	27	1055	36
P00-201912	37	2000014	127302	LIBUäINA	82656	1416	732605	3	27	472	16
P00-201912	25	2000013	127302	VNISLAVOVA	187212	3409	1425084	3	27	1137	38
P00-201912	37	2000012	127311	NA HROBCI	49990	845	343294	3	27	282	10
P00-201912	37	2000011	127311	VYäEHRADSK¡	60449	1196	413642	3	27	399	14
P00-201912	37	2000010	127311	PODSKALSK¡	286304	5527	1440542	3	27	1843	62
P00-201912	25	2000009	127311	TROJICK¡	215905	3455	1278357	3	27	1152	39
P00-201912	37	2000008	127311	POD SLOVANY	257431	3601	1140691	3	27	1201	41
P00-201912	37	2000007	127311	POD SLOVANY	166745	2343	691735	3	27	781	27
P00-201912	25	2000006	127311	NA MOR¡NI	113890	1974	801670	3	27	658	22
P00-201912	25	2000005	127329	TROJANOVA	104220	1956	743264	3	27	652	22
P00-201912	25	2000004	127329	DITTRICHOVA	79258	1442	718548	3	27	481	17
P00-201912	37	2000003	127329	JIR¡SKOVO N¡M.	239865	3393	1950810	3	27	1131	38
P00-201912	37	2000002	127329	MYSLÕKOVA	94415	1395	687603	3	27	465	16
P00-201912	37	2000001	127329	MYSLÕKOVA	121926	1615	841264	3	27	539	18
P00-201912	50	1000090	126993	ALäOVO N¡Bÿ.	645187	6334	1080408	3	27	2112	71
P00-201912	50	1000089	127116	DISKAÿSK¡	136606	1964	219210	3	27	655	22
P00-201912	50	1000088	127124	POHOÿELEC	454585	5086	733786	3	27	1696	57
P00-201912	50	1000087	127124	POHOÿELEC	586645	6640	1002539	3	27	2214	74
P00-201912	50	1000086	127094	MALOSTRANSK… N¡M.	122522	1538	214509	3	27	513	18
P00-201912	50	1000085	127094	MALOSTRANSK… N¡M.	477081	5351	873572	3	27	1784	60
P00-201912	50	1000084	127141	VALDäTEJNSK¡	254632	2765	438142	3	27	922	31
P00-201912	50	1000083	127141	KOS¡RKOVO N¡Bÿ.	351066	3494	1648580	3	27	1165	39
P00-201912	50	1000082	127141	VÕTÃZN¡	64642	893	107061	3	27	298	10
P00-201912	50	1000081	127078	N¡RODNÕ	513051	6685	1938649	3	27	2229	75
P00-201912	50	1000080	127078	N¡RODNÕ	461346	5397	878649	3	27	1799	60
P00-201912	50	1000079	127086	N¡RODNÕ	115909	1646	210878	3	27	549	19
P00-201912	50	1000078	126993	N¡RODNÕ	108454	1292	201520	3	27	431	15
P00-201912	50	1000077	127086	N¡RODNÕ	133615	1786	243670	3	27	596	20
P00-201912	50	1000076	126993	NA PERäT›NÃ	383033	4146	720029	3	27	1382	47
P00-201912	50	1000075	126993	PERLOV¡	227668	2865	411540	3	27	955	32
P00-201912	50	1000074	127086	SP¡LEN¡	118523	1402	217180	3	27	468	16
P00-201912	50	1000073	127086	SP¡LEN¡	128263	1773	242548	3	27	591	20
P00-201912	50	1000072	127078	PURKY“OVA	179239	2097	361321	3	27	699	24
P00-201912	50	1000071	127078	JUNGMANNOVA	519350	6545	919798	3	27	2182	73
P00-201912	50	1000070	127078	JUNGMANNOVA	53862	643	96701	3	27	215	8
P00-201912	50	1000069	127078	PALACK…HO	74188	987	134772	3	27	329	11
P00-201912	50	1000068	127078	VODI»KOVA	82010	1105	153916	3	27	369	13
P00-201912	50	1000067	127078	LAZARSK¡	100398	1263	172468	3	27	421	15
P00-201912	50	1000065	127086	MYSLÕKOVA	146022	1790	254248	3	27	597	20
P00-201912	50	1000064	127086	N¡RODNÕ	337285	3815	559172	3	27	1272	43
P00-201912	50	1000063	127086	MASARYKOVO N¡Bÿ.	191231	2296	328291	3	27	766	26
P00-201912	50	1000062	126993	SMETANOVO N¡Bÿ.	359003	3811	634794	3	27	1271	43
P00-201912	50	1000061	126993	SMETANOVO N¡Bÿ.	225166	2369	407344	3	27	790	27
P00-201912	50	1000060	126993	MARI¡NSK… N¡M.	189719	2220	350617	3	27	740	25
P00-201912	50	1000058	126993	PLATN…ÿSK¡	645526	8318	1142443	3	27	2773	93
P00-201912	50	1000057	127001	17. LISTOPADU	164443	1747	270442	3	27	583	20
P00-201912	50	1000056	127019	N¡M. JANA PALACHA	94195	1112	154823	3	27	371	13
P00-201912	50	1000055	127019	17. LISTOPADU	246290	2793	395937	3	27	931	32
P00-201912	50	1000054	127019	NA REJDIäTI	216372	2280	1377226	3	27	760	26
P00-201912	50	1000053	127019	DVOÿ¡KOVO N¡Bÿ.	517185	5451	834704	3	27	1817	61
P00-201912	50	1000052	127019	BÿEHOV¡	173280	1932	281446	3	27	644	22
P00-201912	50	1000051	127019	DVOÿ¡KOVO N¡Bÿ.	636020	6929	1024992	3	27	2310	77
P00-201912	50	1000050	127001	PAÿÕéSK¡	205093	2354	369700	3	27	785	27
P00-201912	50	1000049	127001	PAÿÕéSK¡	286712	3492	505262	3	27	1164	39
P00-201912	50	1000048	127019	DUäNÕ	411942	4335	761149	3	27	1445	49
P00-201912	50	1000047	127019	ÿ¡SNOVKA	356159	4271	652128	3	27	1424	48
P00-201912	50	1000046	127027	DLOUH¡	224660	2667	422481	3	27	889	30
P00-201912	50	1000045	127027	REVOLU»NÕ	111194	1765	210267	3	27	589	20
P00-201912	50	1000044	127035	LANNOVA	644924	7257	1130926	3	27	2419	81
P00-201912	50	1000043	127035	LANNOVA	440844	5257	757210	3	27	1753	59
P00-201912	50	1000042	127035	KLIMENTSK¡	184173	2056	330036	3	27	686	23
P00-201912	50	1000041	127035	ST¡RKOVA	56601	711	100880	3	27	237	8
P00-201912	50	1000040	127035	TÃäNOV	283242	3707	497779	3	27	1236	42
P00-201912	50	1000039	127035	TÃäNOV	119538	1823	211912	3	27	608	21
P00-201912	50	1000038	127035	PETRSK… N¡M.	191261	2532	344124	3	27	844	29
P00-201912	50	1000037	127035	NA POÿÕ»Õ	140970	2247	256938	3	27	749	25
P00-201912	50	1000036	127035	NA POÿÕ»Õ	197430	3226	343968	3	27	1076	36
P00-201912	50	1000035	127035	HAVLÕ»KOVA	82380	1280	132207	3	27	427	15
P00-201912	50	1000034	127035	HAVLÕ»KOVA	132349	2038	219010	3	27	680	23
P00-201912	50	1000032	127043	NA FLORENCI	612630	8957	983070	3	27	2986	100
P00-201912	50	1000031	127035	V CELNICI	200244	2987	341775	3	27	996	34
P00-201912	50	1000030	127035	N¡M. REPUBLIKY	134376	2283	223513	3	27	761	26
P00-201912	50	1000029	127027	U OBECNÕHO DOMU	171327	1640	350908	3	27	547	19
P00-201912	50	1000028	127027	N¡M. REPUBLIKY	164674	2724	278374	3	27	908	31
P00-201912	50	1000027	127043	HYBERNSK¡	140327	1833	247080	3	27	611	21
P00-201912	50	1000026	127043	HYBERNSK¡	39137	642	62602	3	27	214	8
P00-201912	50	1000025	127051	HYBERNSK¡	155535	1924	268895	3	27	642	22
P00-201912	50	1000024	127035	HYBERNSK¡	261829	3055	455815	3	27	1019	34
P00-201912	50	1000023	127051	HYBERNSK¡	328001	4011	561674	3	27	1337	45
P00-201912	50	1000022	127027	NA PÿÕKOPÃ	304665	4335	499200	3	27	1445	49
P00-201912	50	1000021	127051	NA PÿÕKOPÃ	431353	5810	759212	3	27	1937	65
P00-201912	50	1000020	127051	SENOV¡éN¡	324426	3835	523578	3	27	1279	43
P00-201912	50	1000019	127051	SENOV¡éN… N¡MÃSTÕ	629080	8183	1018924	3	27	2728	91
P00-201912	50	1000018	127051	SENOV¡éN… N¡MÃSTÕ	206013	2928	332054	3	27	976	33
P00-201912	50	1000017	127051	OPLETALOVA	171095	2514	280457	3	27	838	28
P00-201912	50	1000016	127051	OPLETALOVA	89193	1225	147729	3	27	409	14
P00-201912	50	1000015	127051	OPLETALOVA	647557	7516	1078150	3	27	2506	84
P00-201912	50	1000014	127051	OPLETALOVA	375909	4681	604354	3	27	1561	53
P00-201912	50	1000013	127051	OPLETALOVA	443412	6385	697360	3	27	2129	71
P00-201912	50	1000012	127051	OPLETALOVA	616911	9538	1053539	3	27	3180	106
P00-201912	50	1000011	127051	OPLETALOVA	508695	6384	865501	3	27	2128	71
P00-201912	50	1000010	127051	POLITICK›CH VÃZ“Ÿ	479456	5690	944097	3	27	1897	64
P00-201912	50	1000009	127051	POLITICK›CH VÃZ“Ÿ	270874	4112	494362	3	27	1371	46
P00-201912	50	1000008	127051	PANSK¡	243530	3172	461145	3	27	1058	36
P00-201912	50	1000007	127051	JINDÿIäSK¡	132998	2025	240706	3	27	675	23
P00-201912	50	1000006	127051	JINDÿIäSK¡	381165	5637	798487	3	27	1879	63
P00-201912	50	1000005	127078	V¡CLAVSK… N¡M.	688381	8887	1303301	3	27	2963	99
P00-201912	50	1000004	127078	V¡CLAVSK… N¡M.	274230	3572	540778	3	27	1191	40
P00-201912	50	1000003	127051	V¡CLAVSK… N¡M.	380921	5597	737291	3	27	1866	63
P00-201912	50	1000002	127051	WASHINGTONOVA	566871	7568	967854	3	27	2523	85
P00-201912	24	4000141	127931	NA PANKR¡CI	70932	1665	542165	3	18	555	19
P00-201912	11	4000140	127931	VIKTORINOVA	173520	3628	1422624	3	18	1210	41
P00-201912	24	4000139	127931	5. KVÃTNA	21363	423	112008	3	18	141	5
P00-201912	24	4000138	127931	5. KVÃTNA	11699	243	62371	3	18	81	3
P00-201912	24	4000137	128163	5. KVÃTNA	14063	268	103869	3	18	90	3
P00-201912	24	4000136	128163	T¡BORSK¡	14080	287	87904	3	18	96	4
P00-201912	24	4000135	127949	N¡M. HRDINŸ	32043	609	179012	3	18	203	7
P00-201912	11	4000134	127931	NA PANKR¡CI	31306	740	327531	3	18	247	9
P00-201912	11	4000133	127931	NA PANKR¡CI	56822	1726	329141	3	18	576	20
P00-201912	13	4000132	127931	LOMNICK…HO	33635	1268	299377	3	18	423	15
P00-201912	11	4000131	127931	LOMNICK…HO	38642	741	301429	3	18	247	9
P00-201912	11	4000130	127931	NA DOLIN¡CH	79578	1587	590287	3	18	529	18
P00-201912	11	4000129	127931	MARIE CIBULKOV…	153649	3746	1328765	3	18	1249	42
P00-201912	11	4000128	127931	SINKULOVA	63118	1565	635981	3	18	522	18
P00-201912	11	4000127	128155	DOUDOVA	45943	1069	370118	3	18	357	12
P00-201912	11	4000126	127922	DOUDOVA	44396	914	248922	3	18	305	11
P00-201912	11	4000125	127922	U PODOLSK…HO HÿBITOVA	39633	556	179672	3	18	186	7
P00-201912	24	4000124	128147	PODOLSK¡	264624	7198	2321529	3	18	2400	80
P00-201912	24	4000123	128147	PODOLSK¡	121649	2949	1034455	3	18	983	33
P00-201912	2	4000122	128147	PODOLSK… N¡Bÿ.	16883	826	294778	3	18	276	10
P00-201912	2	4000121	128147	PODOLSK… N¡Bÿ.	2812	100	64482	3	18	34	2
P00-201912	2	4000120	128155	PODOLSK… N¡Bÿ.	54372	1570	1370295	3	18	524	18
P00-201912	24	4000119	128155	PODOLSK¡	82661	1450	608138	3	18	484	17
P00-201912	11	4000118	127922	NA ZLATNICI	64940	1420	668532	3	18	474	16
P00-201912	2	4000117	128147	PODOLSK… N¡Bÿ.	9363	241	252228	3	18	81	3
P00-201912	2	4000116	128155	PODOLSK… N¡Bÿ.	51448	1469	1316585	3	18	490	17
P00-201912	11	4000115	128155	PODOLSK¡	108652	2637	1060518	3	18	879	30
P00-201912	2	4000114	128147	PODOLSK… N¡Bÿ.	44234	1448	1094983	3	18	483	17
P00-201912	11	4000113	128155	NA DOLIN¡CH	49973	1217	484133	3	18	406	14
P00-201912	11	4000112	128155	PODOLSK¡	71440	1865	649458	3	18	622	21
P00-201912	11	4000111	128155	VOD¡RENSK¡	10516	236	95149	3	18	79	3
P00-201912	24	4000110	128147	PODOLSK… N¡Bÿ.	104792	2047	831626	3	18	683	23
P00-201912	24	4000109	128155	PODOLSK… N¡Bÿ.	123630	2463	997001	3	18	821	28
P00-201912	11	4000108	127931	PODOLSK… SCHODY	66075	1823	1008737	3	18	608	21
P00-201912	11	4000107	127931	NA PANKR¡CI	106766	3362	1148895	3	18	1121	38
P00-201912	11	4000106	127931	NA PANKR¡CI	114081	2976	1104108	3	18	992	34
P00-201912	24	4000105	127931	5. KVÃTNA	30302	583	210508	3	18	195	7
P00-201912	24	4000104	128163	5. KVÃTNA	13705	244	119863	3	18	82	3
P00-201912	11	4000103	128163	LOUNSK›CH	72256	1502	704226	3	18	501	17
P00-201912	11	4000102	128163	éATECK›CH	155540	3109	1549083	3	18	1037	35
P00-201912	11	4000101	127957	NA KVÃTNICI	82028	1558	754998	3	18	520	18
P00-201912	11	4000100	128171	»IKLOVA	53791	861	440867	3	18	287	10
P00-201912	11	4000099	128163	»IKLOVA	15444	283	138311	3	18	95	4
P00-201912	21	4000098	128171	KÿESOMYSLOVA	17491	547	325529	3	18	183	7
P00-201912	11	4000097	128171	Z¡VIäOVA	37625	741	405801	3	18	247	9
P00-201912	11	4000096	128180	BÃLEHRADSK¡	47694	886	644696	3	18	296	10
P00-201912	11	4000095	128171	BÃLEHRADSK¡	17971	373	182221	3	18	125	5
P00-201912	11	4000094	128198	OTAKAROVA	76083	1412	1010966	3	18	471	16
P00-201912	11	4000093	128198	OTAKAROVA	10397	288	102046	3	18	96	4
P00-201912	21	4000092	128171	KÿESOMYSLOVA	10753	334	188822	3	18	112	4
P00-201912	11	4000091	128198	CTIRADOVA	70958	1854	646184	3	18	618	21
P00-201912	24	4000090	128198	N¡M. BRATÿÕ SYNKŸ	3832	74	37599	3	18	25	1
P00-201912	11	4000089	128198	»ESTMÕROVA	103148	2340	792104	3	18	780	26
P00-201912	24	4000088	128171	N¡M. BRATÿÕ SYNKŸ	32884	921	286725	3	18	307	11
P00-201912	24	4000087	128171	SEZIMOVA	27104	662	249386	3	18	221	8
P00-201912	22	4000086	128171	T¡BORSK¡	19683	599	159274	3	18	200	7
P00-201912	24	4000085	127957	T¡BORSK¡	87938	2581	583636	3	18	861	29
P00-201912	22	4000084	128163	NA VÕTÃZN… PL¡NI	86472	2336	575292	3	18	779	26
P00-201912	11	4000083	128171	POD TEREBKOU	71089	1366	756301	3	18	456	16
P00-201912	24	4000082	128163	T¡BORSK¡	38084	762	286153	3	18	254	9
P00-201912	11	4000081	127957	N¡M. GENER¡LA KUTLVAäRA	107941	2651	954320	3	18	884	30
P00-201912	11	4000080	127957	SVATOSLAVOVA	105498	2735	869682	3	18	912	31
P00-201912	11	4000079	128198	MOJMÕROVA	104592	1888	1159418	3	18	630	21
P00-201912	11	4000078	127957	SVATOSLAVOVA	93959	2340	926700	3	18	780	26
P00-201912	24	4000077	127957	NUSELSK¡	18651	573	169065	3	18	191	7
P00-201912	24	4000076	128198	NUSELSK¡	20043	532	186546	3	18	178	6
P00-201912	11	4000075	128198	BARTOäKOVA	64446	1372	860811	3	18	458	16
P00-201912	24	4000074	127957	NUSELSK¡	16884	370	117954	3	18	124	5
P00-201912	11	4000073	128198	V HORK¡CH	53639	1439	435497	3	18	480	16
P00-201912	11	4000072	128198	BARTOäKOVA	66756	1534	766187	3	18	512	18
P00-201912	24	4000071	127957	NUSELSK¡	16239	327	153014	3	18	109	4
P00-201912	11	4000070	127957	POD PRAMENEM	82475	1556	992855	3	18	519	18
P00-201912	24	4000069	127957	NUSELSK¡	17398	463	152030	3	18	155	6
P00-201912	24	4000068	127965	NUSELSK¡	13797	357	118174	3	18	119	4
P00-201912	11	4000067	127965	ADAMOVSK¡	49331	1153	645320	3	18	385	13
P00-201912	24	4000066	127965	NUSELSK¡	8920	275	104494	3	18	92	4
P00-201912	11	4000065	127965	POD ST¡RKOU	45904	1348	538904	3	18	450	15
P00-201912	24	4000064	127965	NUSELSK¡	32275	825	277385	3	18	275	10
P00-201912	11	4000063	127736	U DRUéSTVA IDE¡L	59733	898	437627	3	18	300	10
P00-201912	11	4000062	127744	DRUéSTEVNÕ OCHOZ	62090	1082	453662	3	18	361	13
P00-201912	11	4000061	127736	POD L¡ZNÕ	63188	1529	1047474	3	18	510	17
P00-201912	11	4000060	127736	V OB»ANSK…M DOMOVÃ	31111	814	375810	3	18	272	10
P00-201912	24	4000059	127949	SOUDNÕ	26752	539	154088	3	18	180	6
P00-201912	11	4000058	127736	U SV…POMOCI	27485	487	164228	3	18	163	6
P00-201912	11	4000057	127736	U DRUéSTEV	20575	334	120627	3	18	112	4
P00-201912	24	4000056	127728	5. KVÃTNA	13277	235	140897	3	18	79	3
P00-201912	24	4000055	127736	5. KVÃTNA	10978	215	75383	3	18	72	3
P00-201912	24	4000054	127728	NA PANKR¡CI	17302	400	119337	3	18	134	5
P00-201912	24	4000053	127728	NA PANKR¡CI	26484	592	205924	3	18	198	7
P00-201912	24	4000052	127728	NA PANKR¡CI	84561	1233	483348	3	18	411	14
P00-201912	24	4000051	127728	NA PANKR¡CI	100088	1818	743758	3	18	606	21
P00-201912	11	4000050	127931	DÃKANSK¡ VINICE I	102178	2292	873943	3	18	764	26
P00-201912	11	4000049	127906	NA HÿEBENECH II	45975	1048	432123	3	18	350	12
P00-201912	11	4000048	127906	NA HÿEBENECH II	68418	1756	527803	3	18	586	20
P00-201912	11	4000046	127906	PUJMANOV…	135879	2287	794528	3	18	763	26
P00-201912	11	4000044	127728	DOUDLEBSK¡	12352	238	73314	3	18	80	3
P00-201912	11	4000043	128198	BARTOäKOVA	38899	890	402801	3	18	297	10
P00-201912	11	4000042	127728	HVÃZDOVA	55265	1139	599256	3	18	380	13
P00-201912	11	4000041	127906	PUJMANOV…	85516	1187	506511	3	18	396	14
P00-201912	11	4000040	127906	MILEVSK¡	65368	1459	697367	3	18	487	17
P00-201912	11	4000039	127701	HOR¡»KOVA	140177	2444	1328951	3	18	815	28
P00-201912	11	4000037	127621	PACOVSK¡	61907	1854	657224	3	18	618	21
P00-201912	11	4000036	127621	BYSTÿICK¡	19583	526	190881	3	18	176	6
P00-201912	24	4000035	127621	BUDÃJOVICK¡	209860	4086	1039577	3	18	1362	46
P00-201912	11	4000034	127752	MICHELSK¡	69290	1390	549697	3	18	464	16
P00-201912	11	4000033	127752	OHRADNÕ	48835	1340	436968	3	18	447	15
P00-201912	11	4000032	127647	HANUSOVA	56123	1275	384823	3	18	425	15
P00-201912	11	4000031	127752	BAAROVA	31933	685	170932	3	18	229	8
P00-201912	11	4000030	127647	ZNOJEMSK¡	115158	2108	821252	3	18	703	24
P00-201912	24	4000029	127647	BUDÃJOVICK¡	80774	2240	602770	3	18	747	25
P00-201912	24	4000028	127647	BUDÃJOVICK¡	107590	2523	633304	3	18	841	29
P00-201912	11	4000027	127621	ZA ZELENOU LIäKOU	59765	1608	539680	3	18	536	18
P00-201912	11	4000026	127621	ZA ZELENOU LIäKOU	46744	1293	427842	3	18	431	15
P00-201912	11	4000025	127621	PACOVSK¡	34450	814	381612	3	18	272	10
P00-201912	11	4000024	127621	OLBRACHTOVA	37047	742	286231	3	18	248	9
P00-201912	11	4000023	127621	OLBRACHTOVA	110992	2376	986391	3	18	792	27
P00-201912	11	4000022	127647	BÕTOVSK¡	147266	2633	1009467	3	18	878	30
P00-201912	22	4000021	315885	BUDÃJOVICK¡	8212	259	84323	3	18	87	3
P00-201912	22	4000020	315877	BUDÃJOVICK¡	25554	811	271992	3	18	271	10
P00-201912	11	4000019	127647	SEDL»ANSK¡	79284	1658	686149	3	18	553	19
P00-201912	11	4000018	127647	JIHLAVSK¡	159922	2530	1202604	3	18	844	29
P00-201912	11	4000017	127647	JIHLAVSK¡	195504	3407	1396615	3	18	1136	38
P00-201912	11	4000015	127752	POD D¡LNICÕ	28621	659	203424	3	18	220	8
P00-201912	11	4000014	127647	SEDL»ANSK¡	66279	1602	610662	3	18	534	18
P00-201912	11	4000013	127647	SEDL»ANSK¡	125447	2799	1384238	3	18	933	32
P00-201912	11	4000012	127761	NA NIV¡CH	22028	481	149460	3	18	161	6
P00-201912	11	4000011	127612	NA STRéI	24499	653	288869	3	18	218	8
P00-201912	11	4000010	127612	KR»SK¡	66684	1926	680965	3	18	642	22
P00-201912	11	4000009	127612	ANTALA STAäKA	54349	1068	346681	3	18	356	12
P00-201912	11	4000008	127591	ANTALA STAäKA	91606	1619	476580	3	18	540	18
P00-201912	11	4000007	127591	ANTALA STAäKA	49983	1500	294881	3	18	500	17
P00-201912	11	4000006	127612	ANTALA STAäKA	72522	1928	432824	3	18	643	22
P00-201912	22	4000005	315877	ANTALA STAäKA	44182	1590	286137	3	18	530	18
P00-201912	11	4000004	315877	U KR»SK… VOD¡RNY	52994	1601	307149	3	18	534	18
P00-201912	11	4000003	127591	NAD PÕSKOVNOU	32836	664	171110	3	18	222	8
P00-201912	11	4000002	127591	»ER»ANSK¡	21367	504	124765	3	18	168	6
P00-201912	11	4000001	127591	»ER»ANSK¡	16544	380	63719	3	18	127	5
P00-201912	16	8000065	130958	PERNEROVA	162766	2666	755011	3	16	889	30
P00-201912	34	6000169	129313	DISKAÿSK¡	33836	582	439234	3	15	194	7
P00-201912	5	6000168	129500	BECHY“OVA	59928	2951	474264	3	18	984	33
P00-201912	27	6000117	129500	VELFLÕKOVA	47837	889	222887	3	40	297	10
P00-201912	34	6000004	130095	VÕTÃZN… N¡M.	68661	1410	365194	3	40	470	16
P00-201912	29	8000066	130974	NA FLORENCI	40615	774	363969	3	15	258	9
P00-201912	2	5000113	128961	KE KOTL¡ÿCE	4432	137	126839	3	13	46	2
P00-201912	11	8000117	130737	K SADU	8990	240	130129	3	13	80	3
P00-201912	11	8000116	130516	HOVOR»OVICK¡	23359	476	170645	3	13	159	6
P00-201912	11	8000115	130508	MIROVICK¡	29300	771	276612	3	13	257	9
P00-201912	4	6000185	306291	STAMICOVA	44955	1905	355213	3	12	635	22
P00-201912	4	6000184	306291	STAMICOVA	17432	813	129876	3	12	271	10
P00-201912	4	6000183	306291	NA VÃTRNÕKU	20928	857	148728	3	12	286	10
P00-201912	4	6000188	129399	JOS… MARTÕHO	166254	6074	1485250	3	12	2025	68
P00-201912	4	6000187	129399	JOS… MARTÕHO	14252	446	287204	3	12	149	5
P00-201912	4	6000186	129399	JOS… MARTÕHO	80857	2031	1388252	3	12	677	23
P00-201912	14	6000177	129305	NA PETYNCE	3947	100	53226	3	12	34	2
P00-201912	14	6000178	129305	NA PETYNCE	6719	147	97068	3	12	49	2
P00-201912	14	6000179	129321	NA Z¡STÿELU	89279	1874	831570	3	12	625	21
P00-201912	14	6000180	129321	NA PETYNCE	17885	315	154023	3	12	105	4
P00-201912	14	6000182	306282	RADIMOVA	31004	1387	184622	3	12	463	16
P00-201912	14	6000176	129593	ZA STRAHOVEM	27839	547	259838	3	12	183	7
P00-201912	4	6000171	129593	TOMANOVA	7346	228	101743	3	12	76	3
P00-201912	4	6000170	129593	TOMANOVA	11380	433	96616	3	12	145	5
P00-201912	14	6000175	129593	ÿÕ»ANOVA	19265	405	218531	3	12	135	5
P00-201912	14	6000174	129593	ÿÕ»ANOVA	6990	190	90759	3	12	64	3
P00-201912	4	6000173	129593	TOMANOVA	3496	126	81823	3	12	42	2
P00-201912	14	6000172	129593	TOMANOVA	6693	160	59520	3	12	54	2
P00-201912	14	6000181	306282	RADIMOVA	34947	1251	242536	3	12	417	14
P00-201912	4	6000189	129399	JOS… MARTÕHO	39325	1675	364911	3	12	559	19
P00-201912	4	6000190	129496	POD PAçANKOU	2752	126	29742	3	12	42	2
P00-201912	46	7000096	130290	BUBENSK… N¡Bÿ.	83979	2780	604361	3	12	927	31
P00-201912	39	3000124	127396	KOMENSK…HO N¡M.	28081	530	128009	3	13	177	6
P00-201912	24	4000142	127728	NA PANKR¡CI	51317	918	314584	3	13	306	11
P00-201912	11	4000143	127957	NA KVÃTNICI	17060	497	220273	3	13	166	6
P00-201912	24	4000144	128198	NUSELSK¡	12879	347	114083	3	13	116	4
P00-201912	25	8000067	130893	ZENKLOVA	18649	601	82323	3	15	201	7
P00-201912	44	7000021	130290	JANKOVCOVA	129588	2907	619150	3	12	969	33
P00-201912	41	7000020	130290	JANKOVCOVA	84631	1500	132045	3	12	500	17
P00-201912	50	1000066	127086	MYSLÕKOVA	142247	1592	275982	3	27	531	18
P00-201912	4	6000193	129593	TOMANOVA	9674	380	121669	3	12	127	5
P00-201912	4	6000192	129593	TOMANOVA	2260	77	34035	3	12	26	1
P00-201912	4	6000191	129593	TOMANOVA	9085	216	143856	3	12	72	3
P00-201912	20	7000048	130303	HL¡VKŸV MOST	5397	128	49454	3	11	43	2
P00-201912	20	7000010	130249	JANKOVCOVA	72856	1323	324461	3	6	441	15
P00-201912	11	5000114	128775	POD KAVALÕRKOU	69160	1447	821638	3	6	483	17
P00-201912	14	6000199	129330	U VOJENSK… NEMOCNICE	51700	1306	456789	2	1	653	22
P00-201912	14	6000201	129305	SIBELIOVA	18874	549	262264	2	1	275	10
P00-201912	14	6000202	129305	NAD HRADNÕM VODOJEMEM	6693	157	62223	2	1	79	3
P00-201912	14	6000203	129291	STÿEäOVICK¡	3134	75	49292	2	1	38	2
P00-201912	14	6000204	129291	CUKROVARNICK¡	5071	138	51471	2	1	69	3
P00-201912	14	6000208	129275	KROCÕNOVSK¡	11574	300	126760	2	1	150	5
P00-201912	14	6000211	129798	VLASTINA	14916	304	98022	2	1	152	6
P00-201912	14	6000210	129798	VLASTINA	10031	303	123345	2	1	152	6
P00-201912	14	6000209	129798	NOV¡ ä¡RKA	13119	319	202439	2	1	160	6
P00-201912	14	6000214	129798	LITOVICK¡	3904	90	72948	3	1	30	1
P00-201912	14	6000212	129755	VLASTINA	82350	2681	680325	2	1	1341	45
P00-201912	14	6000213	129810	VLASTINA	71208	2116	740774	2	1	1058	36
P00-201912	11	5000115	128767	MUSÕLKOVA	18517	428	283637	2	1	214	8
P00-201912	11	5000116	128678	U äALAMOUNKY	15565	461	235453	2	1	231	8
P00-201912	11	5000117	128643	PEROUTKOVA	8094	377	121597	2	1	189	7
P00-201912	11	5000118	128643	NA FARK¡NÃ I	4928	134	84389	2	1	67	3
P00-201912	11	4000145	127906	PUJMANOV…	101942	1479	598601	3	3	493	17
P00-201912	11	4000146	127701	PUJMANOV…	79111	1621	605246	3	3	541	19
P00-201912	11	4000147	128171	»IKLOVA	23230	510	321647	3	3	170	6
P00-201912	47	5000119	128767	V CIBULK¡CH	4621	229	165019	2	1	115	4